COUNTRY_NAME,AGE_GRO,MOYPOPULATION,RANK
China,LESS_20,387425694,1
India,0 - 4,104932500,1
China,10 - 14,94748796.1,1
China,15 - 19,91850962.6,1
China,15 - 64,672094696,1
China,20 - 24,88738485.4,1
China,20 - 64,580243733,1
China,25 - 29,84782874.7,1
China,30 - 34,79037192,1
China,35 - 39,72281765.6,1
China,40 - 44,66191314.5,1
China,45 - 49,59997492,1
China,5 - 9,98273283.6,1
China,50 - 54,51591867.1,1
China,50_OVER,197076820,1
China,55 - 59,42668135.1,1
China,60 - 64,34954606.6,1
China,65 - 69,26916207.5,1
China,65_OVER,67862211.7,1
China,70 - 74,18806990.1,1
China,75 - 79,12049603,1
China,80 - 84,6592336.68,1
China,85_OVER,3497074.4,1
India,LESS_20,372537541,2
China,0 - 4,102552652,2
India,10 - 14,89333027.9,2
India,15 - 19,82327893.2,2
India,15 - 64,501523586,2
India,20 - 24,74645761,2
India,20 - 64,419195692,2
India,25 - 29,66911911.6,2
India,30 - 34,59403619.9,2
India,35 - 39,52158617,2
India,40 - 44,45425643.1,2
India,45 - 49,39121505.9,2
India,5 - 9,95944119.5,2
India,50 - 54,33050574.6,2
India,50_OVER,119432863,2
India,55 - 59,27135571,2
India,60 - 64,21342488.3,2
India,65 - 69,15736416.5,2
India,65_OVER,37904228.9,2
India,70 - 74,10641750.5,2
India,75 - 79,6475821.43,2
United States,80 - 84,3656751.1,2
United States,85_OVER,3043681.29,2
United States,LESS_20,74648543.1,3
Indonesia,0 - 4,19890744.9,3
United States,10 - 14,18736528.8,3
United States,15 - 19,18490311.9,3
United States,15 - 64,158072860,3
United States,20 - 24,18142972.8,3
United States,20 - 64,139582548,3
United States,25 - 29,17775290.5,3
United States,30 - 34,17411030.3,3
United States,35 - 39,16797186.7,3
United States,40 - 44,16048258.3,3
United States,45 - 49,15157581.3,3
Indonesia,5 - 9,18705246.5,3
United States,50 - 54,14143211,3
United States,50_OVER,67603803.3,3
United States,55 - 59,12872961.9,3
United States,60 - 64,11234055.6,3
United States,65 - 69,9550122.11,3
United States,65_OVER,29353574.8,3
United States,70 - 74,7549710.61,3
United States,75 - 79,5553309.71,3
India,80 - 84,3311396.21,3
India,85_OVER,1738844.28,3
Indonesia,LESS_20,72632694.3,4
United States,0 - 4,18716601.5,4
Indonesia,10 - 14,17643631.2,4
Indonesia,15 - 19,16393071.7,4
Indonesia,15 - 64,102630570,4
Indonesia,20 - 24,15013514.3,4
Indonesia,20 - 64,86237498.7,4
Indonesia,25 - 29,13764151.1,4
Indonesia,30 - 34,12380601.3,4
Indonesia,35 - 39,10944092.9,4
Indonesia,40 - 44,9528462.68,4
Russian Federation,45 - 49,8746723,4
United States,5 - 9,18705100.9,4
Russian Federation,50 - 54,8108029.34,4
Russian Federation,50_OVER,35484503.6,4
Russian Federation,55 - 59,7256494.17,4
Russian Federation,60 - 64,6206674.52,4
Japan,65 - 69,5083923.75,4
Japan,65_OVER,16074440.4,4
Japan,70 - 74,4158515.22,4
Japan,75 - 79,3097979.83,4
Japan,80 - 84,2049815.33,4
Japan,85_OVER,1684206.29,4
Brazil,LESS_20,56509172,5
Brazil,0 - 4,15135443.3,5
Brazil,10 - 14,13816283.4,5
Brazil,15 - 19,13130072.5,5
Russian Federation,15 - 64,91906516.5,5
Brazil,20 - 24,12213726.9,5
Russian Federation,20 - 64,81584661.4,5
Brazil,25 - 29,11120972.1,5
Russian Federation,30 - 34,10432407.1,5
Russian Federation,35 - 39,9881284.24,5
Russian Federation,40 - 44,9373719.14,5
Indonesia,45 - 49,8108100.22,5
Brazil,5 - 9,14427372.8,5
Japan,50 - 54,6914754.69,5
Japan,50_OVER,35128986.5,5
Japan,55 - 59,6358336.11,5
Japan,60 - 64,5781455.25,5
Russian Federation,65 - 69,5018058.23,5
Russian Federation,65_OVER,13882597.5,5
Russian Federation,70 - 74,3784408.17,5
Russian Federation,75 - 79,2662086.48,5
Germany,80 - 84,1571224.68,5
Germany,85_OVER,1059095.81,5
Russian Federation,LESS_20,40209830.1,6
Russian Federation,0 - 4,9996491.85,6
Russian Federation,10 - 14,10030957.5,6
Russian Federation,15 - 19,10329709,6
Brazil,15 - 64,84075286.2,6
Russian Federation,20 - 24,10695023.6,6
Brazil,20 - 64,70945213.7,6
Russian Federation,25 - 29,10810722.6,6
Brazil,30 - 34,10045630,6
Brazil,35 - 39,8938712.61,6
Japan,40 - 44,7846846.6,6
Japan,45 - 49,7450089.1,6
Russian Federation,5 - 9,9884528.59,6
Indonesia,50 - 54,6758946.11,6
Germany,50_OVER,26970233.9,6
Indonesia,55 - 59,5482165.54,6
Germany,60 - 64,4464223.04,6
Germany,65 - 69,3929732.85,6
Germany,65_OVER,12321761.8,6
Germany,70 - 74,3270436.71,6
Germany,75 - 79,2491271.74,6
Russian Federation,80 - 84,1553614.03,6
Russian Federation,85_OVER,911988.648,6
Mexico,LESS_20,35599058.2,7
Mexico,0 - 4,9963560.42,7
Mexico,10 - 14,8597200.04,7
Japan,15 - 19,8212143.99,7
Japan,15 - 64,75423210.8,7
Japan,20 - 24,8303391.9,7
Japan,20 - 64,67211066.8,7
Japan,25 - 29,8260999.58,7
Japan,30 - 34,8211076.43,7
Japan,35 - 39,8084117.14,7
Brazil,40 - 44,7796077.38,7
Brazil,45 - 49,6695577.46,7
Mexico,5 - 9,9266556.56,7
Brazil,50 - 54,5681817.94,7
Indonesia,50_OVER,23957874.5,7
Germany,55 - 59,4922689.29,7
Indonesia,60 - 64,4257464.65,7
Indonesia,65 - 69,3151294.64,7
United Kingdom,65_OVER,8526753.6,7
United Kingdom,70 - 74,2247110.07,7
United Kingdom,75 - 79,1674379.56,7
France,80 - 84,1116507.31,7
France,85_OVER,908832.819,7
Japan,LESS_20,31233007.1,8
Japan,0 - 4,7348795.01,8
Japan,10 - 14,7981618.06,8
Mexico,15 - 19,7771741.14,8
Germany,15 - 64,52155089.5,8
Mexico,20 - 24,6815963.97,8
Germany,20 - 64,47087368.3,8
Mexico,25 - 29,5980285.44,8
Germany,30 - 34,5460265.82,8
Germany,35 - 39,5400375.06,8
Germany,40 - 44,5403450.83,8
Germany,45 - 49,5393282.22,8
Japan,5 - 9,7690450.04,8
Germany,50 - 54,5261559.83,8
Brazil,50_OVER,21898872.6,8
Brazil,55 - 59,4696463.29,8
Brazil,60 - 64,3756235.97,8
Brazil,65 - 69,2890657.11,8
Italy,65_OVER,8341526.75,8
Italy,70 - 74,2176206.1,8
Italy,75 - 79,1654955.92,8
United Kingdom,80 - 84,1086237.36,8
Italy,85_OVER,821510.764,8
Turkey,LESS_20,21178961.3,9
Turkey,0 - 4,5495206.14,9
Turkey,10 - 14,5259145.9,9
Germany,15 - 19,5067721.21,9
Mexico,15 - 64,44663766.6,9
Germany,20 - 24,5314948.96,9
Mexico,20 - 64,36892025.5,9
Germany,25 - 29,5466573.21,9
Mexico,30 - 34,5237485.43,9
Mexico,35 - 39,4571317.26,9
Mexico,40 - 44,3965653.11,9
United Kingdom,45 - 49,3757014.4,9
Turkey,5 - 9,5551795.19,9
United Kingdom,50 - 54,3609240.24,9
United Kingdom,50_OVER,18569555.4,9
United Kingdom,55 - 59,3367639.92,9
United Kingdom,60 - 64,3065921.68,9
United Kingdom,65 - 69,2703311.44,9
France,65_OVER,8224741.81,9
Indonesia,70 - 74,2153381.33,9
France,75 - 79,1615877.46,9
Italy,80 - 84,1080812.31,9
United Kingdom,85_OVER,815715.167,9
Germany,LESS_20,19043369,10
Germany,0 - 4,4518047.97,10
Germany,10 - 14,4843953,10
Turkey,15 - 19,4872813.07,10
United Kingdom,15 - 64,37284793.9,10
Turkey,20 - 24,4454108.56,10
United Kingdom,20 - 64,33408632.2,10
Turkey,25 - 29,4103923.11,10
United Kingdom,30 - 34,3955363.82,10
United Kingdom,35 - 39,3884944.92,10
Italy,40 - 44,3862681.96,10
Italy,45 - 49,3740572.63,10
Germany,5 - 9,4613646.82,10
Italy,50 - 54,3527278.25,10
Italy,50_OVER,18079680,10
Italy,55 - 59,3257211.03,10
Italy,60 - 64,2953664.01,10
Italy,65 - 69,2608041.67,10
Brazil,65_OVER,7764355.38,10
Brazil,70 - 74,2096505.43,10
Brazil,75 - 79,1407314.33,10
Brazil,80 - 84,762156.056,10
Brazil,85_OVER,607722.444,10
France,LESS_20,15762908.5,11
South Africa,0 - 4,4493719.19,11
France,10 - 14,3944989.61,11
France,15 - 19,3923975.53,11
Italy,15 - 64,36521503.6,11
United Kingdom,20 - 24,3952465.39,11
Italy,20 - 64,32805275.5,11
United Kingdom,25 - 29,3992264.36,11
Italy,30 - 34,3901535.17,11
Italy,35 - 39,3874319.99,11
United Kingdom,40 - 44,3823777.49,11
France,45 - 49,3535904.47,11
South Africa,5 - 9,4118616.53,11
France,50 - 54,3359176.46,11
France,50_OVER,17542982.9,11
France,55 - 59,3124313.61,11
France,60 - 64,2834751.03,11
France,65 - 69,2496385.93,11
Indonesia,65_OVER,7459298.22,11
France,70 - 74,2087138.29,11
Indonesia,75 - 79,1261909.11,11
Spain,80 - 84,677639.556,11
Spain,85_OVER,521227.944,11
South Africa,LESS_20,15717943.8,12
United Kingdom,0 - 4,3927598.17,12
United Kingdom,10 - 14,3892572.97,12
United Kingdom,15 - 19,3876161.72,12
France,15 - 64,35589790.2,12
France,20 - 24,3833510.86,12
France,20 - 64,31665814.7,12
Italy,25 - 29,3882482.86,12
France,30 - 34,3797770.75,12
France,35 - 39,3722992.89,12
France,40 - 44,3645799.99,12
Mexico,45 - 49,3386127.71,12
France,5 - 9,3970712.89,12
Mexico,50 - 54,2823309,12
Spain,50_OVER,11301046.4,12
Mexico,55 - 59,2297254.56,12
Spain,60 - 64,1837494.21,12
Spain,65 - 69,1600853.57,12
Spain,65_OVER,5130207.18,12
Spain,70 - 74,1326601.75,12
Spain,75 - 79,1003884.36,12
Indonesia,80 - 84,626994.569,12
Mexico,85_OVER,328622.319,12
United Kingdom,LESS_20,15626027.5,13
France,0 - 4,3923230.5,13
South Africa,10 - 14,3682619.28,13
Italy,15 - 19,3716228.11,13
Turkey,15 - 64,31434413.9,13
Italy,20 - 24,3805529.61,13
Turkey,20 - 64,26561600.4,13
France,25 - 29,3811594.64,13
Turkey,30 - 34,3720529.99,13
Turkey,35 - 39,3344196.57,13
Turkey,40 - 44,2925794.67,13
Turkey,45 - 49,2501636.18,13
United Kingdom,5 - 9,3929694.65,13
Spain,50 - 54,2275335.29,13
Mexico,50_OVER,10754783.8,13
Spain,55 - 59,2058009.68,13
Mexico,60 - 64,1814628.99,13
Mexico,65 - 69,1384035,13
Mexico,65_OVER,3819591.25,13
Mexico,70 - 74,1008404.24,13
Poland,75 - 79,727150.139,13
Poland,80 - 84,426382.333,13
Canada,85_OVER,314179.083,13
Italy,LESS_20,14250858.9,14
Colombia,0 - 4,3822244.6,14
Italy,10 - 14,3621145.46,14
South Korea,15 - 19,3423333,14
South Korea,15 - 64,25688845.6,14
South Korea,20 - 24,3286597.82,14
Spain,20 - 64,22325994,14
South Korea,25 - 29,3146788.75,14
South Korea,30 - 34,2998451.28,14
South Korea,35 - 39,2828513.21,14
Spain,40 - 44,2628918,14
Spain,45 - 49,2465778.89,14
Colombia,5 - 9,3580137.35,14
Turkey,50 - 54,2211010.89,14
Poland,50_OVER,9275618.54,14
Poland,55 - 59,1848186,14
Poland,60 - 64,1609397.47,14
Poland,65 - 69,1307098.68,14
Poland,65_OVER,3730690.85,14
Poland,70 - 74,996583.125,14
Mexico,75 - 79,683619.431,14
Mexico,80 - 84,414910.264,14
Poland,85_OVER,273476.569,14
South Korea,LESS_20,13911980.9,15
South Korea,0 - 4,3500324.17,15
South Korea,10 - 14,3491095.39,15
South Africa,15 - 19,3422988.81,15
Spain,15 - 64,25030928,15
South Africa,20 - 24,3232260.43,15
South Korea,20 - 64,22265512.6,15
South Africa,25 - 29,2991217.28,15
Spain,30 - 34,2778157.26,15
Spain,35 - 39,2731760.46,15
South Korea,40 - 44,2596905.68,15
South Korea,45 - 49,2337101.5,15
Italy,5 - 9,3510694.21,15
Poland,50 - 54,2087344.22,15
Turkey,50_OVER,8513242.89,15
Turkey,55 - 59,1792366.83,15
Turkey,60 - 64,1508030.69,15
Turkey,65 - 69,1087064.19,15
Canada,65_OVER,3060433.49,15
Turkey,70 - 74,811809.319,15
Turkey,75 - 79,656981.806,15
Canada,80 - 84,379577.653,15
Indonesia,85_OVER,265718.569,15
Colombia,LESS_20,13853083,16
Italy,0 - 4,3402791.08,16
Colombia,10 - 14,3355048.58,16
Colombia,15 - 19,3095652.5,16
Poland,15 - 64,23182581.1,16
Colombia,20 - 24,2790539.93,16
Poland,20 - 64,20490112.2,16
Spain,25 - 29,2790494.03,16
South Africa,30 - 34,2632073.36,16
Poland,35 - 39,2428712.82,16
Poland,40 - 44,2279412.17,16
Poland,45 - 49,2188143.67,16
South Korea,5 - 9,3497228.39,16
South Korea,50 - 54,2022844.96,16
South Korea,50_OVER,7769882.94,16
South Korea,55 - 59,1697479.44,16
South Korea,60 - 64,1350829.94,16
South Korea,65 - 69,1020046.58,16
Turkey,65_OVER,3001833.4,16
Canada,70 - 74,791726.542,16
Canada,75 - 79,576885.444,16
Argentina,80 - 84,320306.569,16
Australia,85_OVER,186439.069,16
Argentina,LESS_20,11391949.7,17
Argentina,0 - 4,3045554.64,17
Argentina,10 - 14,2778533.83,17
Spain,15 - 19,2704934.06,17
South Africa,15 - 64,20944431.9,17
Spain,20 - 24,2760046.15,17
South Africa,20 - 64,17521443.1,17
Poland,25 - 29,2724200.96,17
Poland,30 - 34,2610569.26,17
South Africa,35 - 39,2201145.28,17
Argentina,40 - 44,1869265.31,17
Argentina,45 - 49,1697681.01,17
Argentina,5 - 9,2916544.6,17
Canada,50 - 54,1551304.75,17
Canada,50_OVER,7197780.06,17
Canada,55 - 59,1389158.68,17
Canada,60 - 64,1196883.14,17
Canada,65 - 69,998064.764,17
Argentina,65_OVER,2702913.56,17
South Korea,70 - 74,741463.958,17
Argentina,75 - 79,514791.597,17
Turkey,80 - 84,300217.653,17
Argentina,85_OVER,172535.292,17
Poland,LESS_20,10693269.2,18
Poland,0 - 4,2672121.32,18
Spain,10 - 14,2672925.31,18
Poland,15 - 19,2692468.92,18
Argentina,15 - 64,19366227.5,18
Poland,20 - 24,2714145.61,18
Argentina,20 - 64,16714910.8,18
Colombia,25 - 29,2465418.06,18
Argentina,30 - 34,2185522.82,18
Argentina,35 - 39,2033668.54,18
South Africa,40 - 44,1840711.57,18
Canada,45 - 49,1680225.99,18
Poland,5 - 9,2666098.13,18
Argentina,50 - 54,1532024.54,18
Argentina,50_OVER,6762146.39,18
Argentina,55 - 59,1358047.92,18
Argentina,60 - 64,1169160.38,18
Argentina,65 - 69,959325.958,18
South Korea,65_OVER,2698728.6,18
Argentina,70 - 74,735954.139,18
South Korea,75 - 79,494833.042,18
South Korea,80 - 84,280729.375,18
Netherlands,85_OVER,169441.847,18
Spain,LESS_20,10567380.8,19
Spain,0 - 4,2557052.01,19
Poland,10 - 14,2662580.83,19
Argentina,15 - 19,2651316.65,19
Colombia,15 - 64,18442937.3,19
Argentina,20 - 24,2511788.88,19
Canada,20 - 64,15424188.8,19
Argentina,25 - 29,2357751.42,19
Colombia,30 - 34,2151423.57,19
Canada,35 - 39,1885964.17,19
Canada,40 - 44,1795929.19,19
South Africa,45 - 49,1544331.69,19
Spain,5 - 9,2632469.47,19
South Africa,50 - 54,1259744.36,19
Romania,50_OVER,4719261.21,19
Romania,55 - 59,1109024.86,19
Romania,60 - 64,1007826.86,19
Romania,65 - 69,834655.014,19
Romania,65_OVER,2329222.38,19
Romania,70 - 74,647960.681,19
Romania,75 - 79,452236.819,19
Romania,80 - 84,253441.569,19
South Korea,85_OVER,161655.639,19
Canada,LESS_20,7754225.21,20
Canada,0 - 4,1915495.44,20
Canada,10 - 14,1940577.96,20
Canada,15 - 19,1955447.65,20
Canada,15 - 64,17379636.4,20
Canada,20 - 24,1992516.26,20
Colombia,20 - 64,15347284.8,20
Canada,25 - 29,1982282.58,20
Canada,30 - 34,1949924.01,20
Colombia,35 - 39,1873736.04,20
Colombia,40 - 44,1630233.9,20
Colombia,45 - 49,1414915.21,20
Canada,5 - 9,1942704.15,20
Colombia,50 - 54,1213056.79,20
Colombia,50_OVER,4687355.64,20
South Africa,55 - 59,1015009.01,20
South Africa,60 - 64,804950.083,20
Colombia,65 - 69,623168.292,20
Australia,65_OVER,1890408.14,20
Australia,70 - 74,493039.833,20
Australia,75 - 79,358099.181,20
Australia,80 - 84,233578.236,20
Turkey,85_OVER,145760.097,20
Saudi Arabia,LESS_20,6464154.46,21
Saudi Arabia,0 - 4,1901856.24,21
Romania,10 - 14,1573392.93,21
Romania,15 - 19,1568127.19,21
Romania,15 - 64,13616187.3,21
Romania,20 - 24,1568112.9,21
Romania,20 - 64,12048060.1,21
Romania,25 - 29,1528290.96,21
Romania,30 - 34,1501241.94,21
Romania,35 - 39,1407521.11,21
Romania,40 - 44,1410624.04,21
Romania,45 - 49,1308968.65,21
Saudi Arabia,5 - 9,1740047.17,21
Romania,50 - 54,1206448.76,21
South Africa,50_OVER,4655094,21
Colombia,55 - 59,1004094.25,21
Colombia,60 - 64,803867.083,21
Australia,65 - 69,619251.819,21
Netherlands,65_OVER,1843903.35,21
Netherlands,70 - 74,486233.264,21
Netherlands,75 - 79,357732.236,21
Netherlands,80 - 84,231687.736,21
Romania,85_OVER,140928.292,21
Romania,LESS_20,6195690.85,22
Romania,0 - 4,1525915.29,22
Saudi Arabia,10 - 14,1518064.08,22
Saudi Arabia,15 - 19,1304186.97,22
Australia,15 - 64,10610387.4,22
Saudi Arabia,20 - 24,1251314.49,22
Australia,20 - 64,9417640.29,22
Saudi Arabia,25 - 29,1346637.97,22
Saudi Arabia,30 - 34,1307517.71,22
Saudi Arabia,35 - 39,1226371.71,22
Australia,40 - 44,1096641.21,22
Australia,45 - 49,1025765.29,22
Romania,5 - 9,1528255.43,22
Australia,50 - 54,936358.236,22
Australia,50_OVER,4399555.44,22
Australia,55 - 59,838976.514,22
Australia,60 - 64,733812.556,22
South Africa,65 - 69,617814.5,22
Colombia,65_OVER,1666337.51,22
Colombia,70 - 74,456647.111,22
Colombia,75 - 79,307496.903,22
Belgium,80 - 84,195374.833,22
Belgium,85_OVER,140189.431,22
Australia,LESS_20,4904654.07,23
Chile,0 - 4,1251654.56,23
Australia,10 - 14,1219414.99,23
Australia,15 - 19,1192747.11,23
Netherlands,15 - 64,9391954.07,23
Australia,20 - 24,1212340.56,23
Netherlands,20 - 64,8354227.44,23
Australia,25 - 29,1220808.54,23
Australia,30 - 34,1198606.03,23
Australia,35 - 39,1154331.36,23
Saudi Arabia,40 - 44,1007611.74,23
Netherlands,45 - 49,927474.347,23
Australia,5 - 9,1245128.08,23
Netherlands,50 - 54,867282.819,23
Netherlands,50_OVER,4198823.81,23
Netherlands,55 - 59,789129.222,23
Netherlands,60 - 64,698508.417,23
Netherlands,65 - 69,598808.264,23
South Africa,65_OVER,1575390.54,23
South Africa,70 - 74,440069.542,23
Belgium,75 - 79,298021.069,23
Colombia,80 - 84,185267.806,23
Sweden,85_OVER,138644.625,23
Chile,LESS_20,4758056.97,24
Australia,0 - 4,1247363.89,24
Chile,10 - 14,1168448.1,24
Chile,15 - 19,1125845.19,24
Saudi Arabia,15 - 64,9359733.71,24
Chile,20 - 24,1073032.92,24
Saudi Arabia,20 - 64,8055546.74,24
Netherlands,25 - 29,1042402.19,24
Netherlands,30 - 34,1023115.97,24
Netherlands,35 - 39,995568.708,24
Netherlands,40 - 44,965319.528,24
Saudi Arabia,45 - 49,740500.639,24
Chile,5 - 9,1212109.13,24
Hungary,50 - 54,648339.361,24
Belgium,50_OVER,3281828.44,24
Hungary,55 - 59,606766.264,24
Hungary,60 - 64,551205.681,24
Belgium,65 - 69,474483.708,24
Belgium,65_OVER,1502058.53,24
Belgium,70 - 74,393989.486,24
South Africa,75 - 79,281382.403,24
Greece,80 - 84,183910.194,24
Greece,85_OVER,135695.861,24
Netherlands,LESS_20,4117802.22,25
Netherlands,0 - 4,1012545.47,25
Netherlands,10 - 14,1035482.07,25
Netherlands,15 - 19,1037726.63,25
Chile,15 - 64,7919458.31,25
Netherlands,20 - 24,1045426.24,25
Chile,20 - 64,6793613.11,25
Chile,25 - 29,1006070.47,25
Chile,30 - 34,920026.931,25
Chile,35 - 39,837124.069,25
Chile,40 - 44,760316.764,25
Hungary,45 - 49,680855.611,25
Netherlands,5 - 9,1032048.06,25
Czechia,50 - 54,643503.569,25
Hungary,50_OVER,3156733.32,25
Czechia,55 - 59,603583.542,25
Czechia,60 - 64,546549.833,25
Hungary,65 - 69,471700.903,25
Greece,65_OVER,1406430.89,25
Hungary,70 - 74,372240.542,25
Greece,75 - 79,279189.694,25
Sweden,80 - 84,180050.778,25
Portugal,85_OVER,109683.167,25
Portugal,LESS_20,2845083.28,26
Portugal,0 - 4,691467.014,26
Portugal,10 - 14,721681.833,26
Portugal,15 - 19,727574.736,26
Hungary,15 - 64,6804860.67,26
Hungary,20 - 24,726596.889,26
Hungary,20 - 64,6094488.74,26
Hungary,25 - 29,733251.444,26
Hungary,30 - 34,724625.736,26
Hungary,35 - 39,714763.458,26
Hungary,40 - 44,708084.292,26
Chile,45 - 49,678462.542,26
Portugal,5 - 9,704359.097,26
Belgium,50 - 54,638898.208,26
Czechia,50_OVER,3120688.85,26
Belgium,55 - 59,598638.889,26
Belgium,60 - 64,542232.819,26
Czechia,65 - 69,468611.986,26
Sweden,65_OVER,1366014.39,26
Czechia,70 - 74,368085.722,26
Sweden,75 - 79,271430.764,26
Portugal,80 - 84,162749.167,26
Austria,85_OVER,102675.194,26
Czechia,LESS_20,2736624.94,27
Czechia,0 - 4,670284.319,27
Hungary,10 - 14,691866.583,27
Hungary,15 - 19,710371.931,27
Czechia,15 - 64,6725245.89,27
Czechia,20 - 24,710119.625,27
Czechia,20 - 64,6034502.28,27
Czechia,25 - 29,729582.542,27
Czechia,30 - 34,723028.333,27
Czechia,35 - 39,707721.694,27
Czechia,40 - 44,697809.569,27
Czechia,45 - 49,672869.778,27
Czechia,5 - 9,686525.431,27
Chile,50 - 54,594199.25,27
Greece,50_OVER,3040237.04,27
Greece,55 - 59,544722.208,27
Greece,60 - 64,497279.556,27
Greece,65 - 69,440457.708,27
Hungary,65_OVER,1350422.01,27
Greece,70 - 74,367177.403,27
Hungary,75 - 79,262489.583,27
Hungary,80 - 84,153009.806,27
Switzerland,85_OVER,96557.6389,27
Hungary,LESS_20,2726496.93,28
Hungary,0 - 4,652115,28
Czechia,10 - 14,688993.694,28
Czechia,15 - 19,690690.431,28
Belgium,15 - 64,6535998.51,28
Portugal,20 - 24,707230.403,28
Belgium,20 - 64,5875696.78,28
Greece,25 - 29,698915.069,28
Belgium,30 - 34,695275.292,28
Belgium,35 - 39,685039.056,28
Belgium,40 - 44,675907.292,28
Belgium,45 - 49,663079.542,28
Hungary,5 - 9,672143.417,28
Greece,50 - 54,591804.389,28
Sweden,50_OVER,2878768.69,28
Portugal,55 - 59,529079.069,28
Portugal,60 - 64,480419.5,28
Portugal,65 - 69,421694.431,28
Czechia,65_OVER,1326808.97,28
Sweden,70 - 74,355677.125,28
Portugal,75 - 79,256556.278,28
Austria,80 - 84,148623.736,28
Colombia,85_OVER,93757.4028,28
Greece,LESS_20,2624190.04,29
Belgium,0 - 4,648357.875,29
Greece,10 - 14,666756.292,29
Greece,15 - 19,690474.333,29
Greece,15 - 64,6378835.08,29
Greece,20 - 24,704732.889,29
Greece,20 - 64,5688360.75,29
Belgium,25 - 29,697260.153,29
Greece,30 - 34,687759.194,29
Greece,35 - 39,677443.014,29
Greece,40 - 44,656401.847,29
Greece,45 - 49,629302.542,29
Belgium,5 - 9,657917.361,29
Portugal,50 - 54,570882.264,29
Portugal,50_OVER,2876900.6,29
Sweden,55 - 59,506447.278,29
Sweden,60 - 64,468583.542,29
Sweden,65 - 69,420211.097,29
Portugal,65_OVER,1296519.26,29
Portugal,70 - 74,345835.472,29
Czechia,75 - 79,254997.764,29
Czechia,80 - 84,148414.861,29
South Africa,85_OVER,93543.7361,29
Belgium,LESS_20,2623197.04,30
Greece,0 - 4,624698.403,30
Belgium,10 - 14,656620.069,30
Belgium,15 - 19,660301.736,30
Portugal,15 - 64,6243756.07,30
Belgium,20 - 24,679365.528,30
Portugal,20 - 64,5516181.08,30
Portugal,25 - 29,679268.278,30
Portugal,30 - 34,659236.306,30
Portugal,35 - 39,649136.806,30
Portugal,40 - 44,634770.403,30
Portugal,45 - 49,606156.694,30
Greece,5 - 9,642261,30
Sweden,50 - 54,537723.486,30
Austria,50_OVER,2557669.19,30
Chile,55 - 59,506340.181,30
Bulgaria,60 - 64,431261.458,30
Austria,65 - 69,370975.972,30
Austria,65_OVER,1167077.49,30
Austria,70 - 74,309983.028,30
Austria,75 - 79,234819.556,30
South Africa,80 - 84,142580.361,30
Hungary,85_OVER,90981.1806,30
Sweden,LESS_20,2193202.43,31
Sweden,0 - 4,541099.042,31
Bulgaria,10 - 14,553202.722,31
Bulgaria,15 - 19,564787.486,31
Sweden,15 - 64,5485423.57,31
Bulgaria,20 - 24,574352.653,31
Sweden,20 - 64,4935686.85,31
Bulgaria,25 - 29,585457.75,31
Bulgaria,30 - 34,580614.806,31
Sweden,35 - 39,574396.417,31
Sweden,40 - 44,569713.889,31
Sweden,45 - 49,558652.694,31
Sweden,5 - 9,551647.861,31
Saudi Arabia,50 - 54,524687.778,31
Bulgaria,50_OVER,2460187.26,31
Bulgaria,55 - 59,476748.083,31
Austria,60 - 64,421731.389,31
Bulgaria,65 - 69,368839,31
Bulgaria,65_OVER,1040447.94,31
Bulgaria,70 - 74,289744.931,31
Bulgaria,75 - 79,201068.833,31
Switzerland,80 - 84,124337.042,31
Czechia,85_OVER,86941.5694,31
Bulgaria,LESS_20,2187803.69,32
Bulgaria,0 - 4,529389.819,32
Sweden,10 - 14,550718.806,32
Sweden,15 - 19,549736.722,32
Bulgaria,15 - 64,5391317.79,32
Sweden,20 - 24,562511.569,32
Bulgaria,20 - 64,4826530.25,32
Sweden,25 - 29,578409.5,32
Sweden,30 - 34,579248.472,32
Bulgaria,35 - 39,572560.25,32
Bulgaria,40 - 44,556117.5,32
Bulgaria,45 - 49,537687.625,32
Bulgaria,5 - 9,540423.486,32
Bulgaria,50 - 54,511729.528,32
Chile,50_OVER,2443264.75,32
Austria,55 - 59,466955.958,32
Chile,60 - 64,418039.986,32
Chile,65 - 69,331536.056,32
Switzerland,65_OVER,944071.889,32
Chile,70 - 74,246844.264,32
Switzerland,75 - 79,186314.806,32
Bulgaria,80 - 84,116564.25,32
Chile,85_OVER,70862.75,32
Austria,LESS_20,1990011.71,33
Israel,0 - 4,515559.458,33
Austria,10 - 14,505609.125,33
Austria,15 - 19,516164.306,33
Austria,15 - 64,5109893.13,33
Austria,20 - 24,534726.667,33
Austria,20 - 64,4593728.82,33
Austria,25 - 29,547273.014,33
Austria,30 - 34,542147.319,33
Austria,35 - 39,532047.139,33
Austria,40 - 44,526792.556,33
Austria,45 - 49,520150.417,33
Austria,5 - 9,489379.625,33
Austria,50 - 54,501904.361,33
Switzerland,50_OVER,2102250.49,33
Switzerland,55 - 59,388223.139,33
Switzerland,60 - 64,340756.375,33
Switzerland,65 - 69,292958.319,33
Chile,65_OVER,924685.333,33
Switzerland,70 - 74,243904.083,33
Chile,75 - 79,170308.083,33
Chile,80 - 84,105134.181,33
Denmark,85_OVER,68153.2222,33
Israel,LESS_20,1838479.93,34
Austria,0 - 4,478858.653,34
Israel,10 - 14,438377.75,34
Switzerland,15 - 19,433362.444,34
Switzerland,15 - 64,4442321.21,34
Switzerland,20 - 24,456750.722,34
Switzerland,20 - 64,4008958.76,34
Switzerland,25 - 29,482589.861,34
Switzerland,30 - 34,493514.444,34
Switzerland,35 - 39,487343.069,34
Switzerland,40 - 44,473880.903,34
Switzerland,45 - 49,456701.167,34
Israel,5 - 9,477533.611,34
Switzerland,50 - 54,429199.083,34
Saudi Arabia,50_OVER,1640659.88,34
Saudi Arabia,55 - 59,377507.292,34
Saudi Arabia,60 - 64,273397.417,34
Denmark,65 - 69,237166.042,34
Denmark,65_OVER,736825.833,34
Denmark,70 - 74,195471.861,34
Denmark,75 - 79,144028.472,34
Denmark,80 - 84,92006.2361,34
Bulgaria,85_OVER,64230.6528,34
Switzerland,LESS_20,1694412.06,35
Switzerland,0 - 4,417237.333,35
Switzerland,10 - 14,423175.125,35
Israel,15 - 19,407009.097,35
Denmark,15 - 64,3334881.15,35
Israel,20 - 24,379650.944,35
Denmark,20 - 64,2982979.57,35
Slovakia,25 - 29,373695.75,35
Slovakia,30 - 34,360546.417,35
Denmark,35 - 39,348537.958,35
Denmark,40 - 44,346023.833,35
Denmark,45 - 49,337090.167,35
Switzerland,5 - 9,420637.153,35
Denmark,50 - 54,321576.319,35
Denmark,50_OVER,1627604.86,35
Denmark,55 - 59,298649.069,35
Denmark,60 - 64,270553.639,35
Finland,65 - 69,215658.319,35
Finland,65_OVER,644352.208,35
Finland,70 - 74,172060.403,35
Finland,75 - 79,123552.625,35
Norway,80 - 84,80024.3194,35
Norway,85_OVER,62587.6389,35
Slovakia,LESS_20,1514457.32,36
Slovakia,0 - 4,377499.778,36
Slovakia,10 - 14,379034.861,36
Slovakia,15 - 19,380282.667,36
Slovakia,15 - 64,3228074.5,36
Slovakia,20 - 24,379124.889,36
Finland,20 - 64,2856445.26,36
Denmark,25 - 29,354724.222,36
Denmark,30 - 34,351093.361,36
Slovakia,35 - 39,342428.194,36
Finland,40 - 44,328417.181,36
Finland,45 - 49,318291.083,36
Slovakia,5 - 9,377632.681,36
Finland,50 - 54,304208.806,36
Finland,50_OVER,1481636.81,36
Finland,55 - 59,281353.069,36
Finland,60 - 64,251722.722,36
Croatia,65 - 69,196358.014,36
Norway,65_OVER,608856.903,36
Norway,70 - 74,157529.903,36
Norway,75 - 79,119595.389,36
Finland,80 - 84,78145.6667,36
Finland,85_OVER,54935.1944,36
Finland,LESS_20,1391453.53,37
Denmark,0 - 4,338479.514,37
Finland,10 - 14,352396.028,37
Finland,15 - 19,351960.028,37
Finland,15 - 64,3208405.29,37
Denmark,20 - 24,354731,37
Slovakia,20 - 64,2847789.46,37
Israel,25 - 29,351658.958,37
Finland,30 - 34,341317.194,37
Finland,35 - 39,335308.778,37
Slovakia,40 - 44,324923.583,37
Slovakia,45 - 49,303594.625,37
Finland,5 - 9,349245.056,37
Slovakia,50 - 54,282134.75,37
Croatia,50_OVER,1334930.4,37
Croatia,55 - 59,258358.958,37
Croatia,60 - 64,230341.194,37
Norway,65 - 69,189119.653,37
Croatia,65_OVER,566897.514,37
Croatia,70 - 74,155683.819,37
Croatia,75 - 79,111043.764,37
Croatia,80 - 84,65757.1111,37
Israel,85_OVER,42222.9028,37
Denmark,LESS_20,1390639.74,38
Finland,0 - 4,337852.417,38
Denmark,10 - 14,351841.014,38
Denmark,15 - 19,351901.583,38
Croatia,15 - 64,2956715,38
Finland,20 - 24,348983.722,38
Croatia,20 - 64,2639913.68,38
Finland,25 - 29,346842.708,38
Israel,30 - 34,323273.778,38
Croatia,35 - 39,308440.264,38
Croatia,40 - 44,302312.431,38
Croatia,45 - 49,292336.347,38
Denmark,5 - 9,348417.625,38
Croatia,50 - 54,279332.736,38
Norway,50_OVER,1319956.68,38
Slovakia,55 - 59,256929.931,38
Slovakia,60 - 64,224398.472,38
Saudi Arabia,65 - 69,187294.389,38
Slovakia,65_OVER,518635.958,38
Slovakia,70 - 74,141784.208,38
Slovakia,75 - 79,98781.8611,38
Slovakia,80 - 84,57989.4167,38
Croatia,85_OVER,38054.8056,38
Ireland,LESS_20,1223674.43,39
Costa Rica,0 - 4,322266.556,39
Ireland,10 - 14,308575.639,39
Croatia,15 - 19,316801.319,39
Israel,15 - 64,2872831.36,39
Croatia,20 - 24,325164.806,39
Israel,20 - 64,2465822.26,39
Croatia,25 - 29,324902.5,39
Croatia,30 - 34,318724.444,39
Israel,35 - 39,297156.319,39
Norway,40 - 44,282315.389,39
Norway,45 - 49,272366.778,39
Ireland,5 - 9,312873.5,39
Norway,50 - 54,257250,39
Slovakia,50_OVER,1282096.08,39
Norway,55 - 59,238081.903,39
Norway,60 - 64,215767.875,39
Slovakia,65 - 69,185117.083,39
Saudi Arabia,65_OVER,465067.389,39
Saudi Arabia,70 - 74,129813.903,39
Israel,75 - 79,83086.625,39
Israel,80 - 84,54433.9861,39
Lithuania,85_OVER,35172.5694,39
Croatia,LESS_20,1213762.49,40
Ireland,0 - 4,309785.778,40
Croatia,10 - 14,305489.097,40
Norway,15 - 19,292679.653,40
Norway,15 - 64,2725314.07,40
Norway,20 - 24,290775.542,40
Norway,20 - 64,2432634.42,40
Norway,25 - 29,293578.389,40
Norway,30 - 34,293529.444,40
Norway,35 - 39,288969.097,40
Israel,40 - 44,273301.486,40
Israel,45 - 49,247503.069,40
Costa Rica,5 - 9,307257.375,40
Israel,50 - 54,222096.431,40
Israel,50_OVER,1034432.46,40
Israel,55 - 59,197861.431,40
Israel,60 - 64,173319.806,40
Israel,65 - 69,146291.403,40
Israel,65_OVER,441154.778,40
Israel,70 - 74,115119.833,40
Ireland,75 - 79,80856.5139,40
Ireland,80 - 84,49890.375,40
New Zealand,85_OVER,35135.8333,40
Costa Rica,LESS_20,1197598.54,41
Norway,0 - 4,297622.931,41
Norway,10 - 14,297481.347,41
Ireland,15 - 19,292439.514,41
Ireland,15 - 64,2249697.71,41
Costa Rica,20 - 24,260467.514,41
Ireland,20 - 64,1957258.19,41
Ireland,25 - 29,244894.542,41
Ireland,30 - 34,245971.069,41
Ireland,35 - 39,242290.083,41
Ireland,40 - 44,228573.139,41
Ireland,45 - 49,211825.514,41
Norway,5 - 9,301139.25,41
Ireland,50 - 54,194031.222,41
Ireland,50_OVER,938800.222,41
Ireland,55 - 59,176086.458,41
Ireland,60 - 64,155243.958,41
Ireland,65 - 69,136312.319,41
Ireland,65_OVER,413438.583,41
Ireland,70 - 74,112822.125,41
Saudi Arabia,75 - 79,78828.7639,41
Lithuania,80 - 84,49487.6667,41
Slovakia,85_OVER,34960.0694,41
Norway,LESS_20,1188923.18,42
Croatia,0 - 4,294072.222,42
Costa Rica,10 - 14,291808.514,42
Costa Rica,15 - 19,276265.903,42
New Zealand,15 - 64,2163449.38,42
Ireland,20 - 24,258342.208,42
New Zealand,20 - 64,1896180.07,42
New Zealand,25 - 29,240927.153,42
New Zealand,30 - 34,236720.347,42
New Zealand,35 - 39,229018.194,42
New Zealand,40 - 44,220425.417,42
New Zealand,45 - 49,208134.306,42
Croatia,5 - 9,297399.847,42
New Zealand,50 - 54,190592.153,42
Lithuania,50_OVER,903545.028,42
Lithuania,55 - 59,171265.333,42
Lithuania,60 - 64,151185.278,42
Lithuania,65 - 69,128090.903,42
Lithuania,65_OVER,394615.139,42
Lithuania,70 - 74,104180.833,42
Lithuania,75 - 79,77683.1667,42
New Zealand,80 - 84,46795.6944,42
Ireland,85_OVER,33557.25,42
New Zealand,LESS_20,1111734.79,43
New Zealand,0 - 4,285342.639,43
New Zealand,10 - 14,276647.292,43
New Zealand,15 - 19,267269.306,43
Lithuania,15 - 64,2081889,43
New Zealand,20 - 24,251741.458,43
Lithuania,20 - 64,1839534.93,43
Costa Rica,25 - 29,239816.153,43
Lithuania,30 - 34,227714.583,43
Lithuania,35 - 39,216629.611,43
Lithuania,40 - 44,208962.222,43
Lithuania,45 - 49,199660.042,43
New Zealand,5 - 9,282475.556,43
Lithuania,50 - 54,186479.278,43
New Zealand,50_OVER,891328.542,43
New Zealand,55 - 59,169937.153,43
New Zealand,60 - 64,148683.889,43
New Zealand,65 - 69,126272.917,43
New Zealand,65_OVER,382115.347,43
New Zealand,70 - 74,100776.806,43
New Zealand,75 - 79,73134.0972,43
Saudi Arabia,80 - 84,45419.3194,43
Latvia,85_OVER,24813.9583,43
Lithuania,LESS_20,959346,44
Lithuania,0 - 4,236986.944,44
Lithuania,10 - 14,239922.764,44
Lithuania,15 - 19,242354.069,44
Singapore,15 - 64,1781327.67,44
Lithuania,20 - 24,240958.972,44
Singapore,20 - 64,1565481.54,44
Lithuania,25 - 29,236679.611,44
Costa Rica,30 - 34,214743.903,44
Singapore,35 - 39,204206.361,44
Singapore,40 - 44,188042.903,44
Singapore,45 - 49,168531.347,44
Lithuania,5 - 9,240082.222,44
Singapore,50 - 54,145879.125,44
Latvia,50_OVER,707960.597,44
Latvia,55 - 59,132999.222,44
Latvia,60 - 64,119903.528,44
Latvia,65 - 69,103072.847,44
Latvia,65_OVER,312739.708,44
Latvia,70 - 74,84110.3611,44
Latvia,75 - 79,62336.3611,44
Latvia,80 - 84,38406.1806,44
Saudi Arabia,85_OVER,23711.0139,44
Singapore,LESS_20,884898.861,45
Singapore,0 - 4,223436.236,45
Singapore,10 - 14,221909.694,45
Singapore,15 - 19,215846.125,45
Costa Rica,15 - 64,1768535.29,45
Singapore,20 - 24,211237.917,45
Costa Rica,20 - 64,1492269.31,45
Singapore,25 - 29,215443.875,45
Singapore,30 - 34,214168.264,45
Costa Rica,35 - 39,187502.625,45
Costa Rica,40 - 44,161919.208,45
Latvia,45 - 49,150704.889,45
Singapore,5 - 9,223706.806,45
Latvia,50 - 54,142318.139,45
Singapore,50_OVER,550693.764,45
Singapore,55 - 59,121638.986,45
Singapore,60 - 64,96332.7639,45
Slovenia,65 - 69,78352.7222,45
Slovenia,65_OVER,229996.528,45
Slovenia,70 - 74,61727.0417,45
Slovenia,75 - 79,44695.5972,45
Slovenia,80 - 84,27588.3333,45
Slovenia,85_OVER,17632.8333,45
Latvia,LESS_20,610675.333,46
Latvia,0 - 4,148570.514,46
Latvia,10 - 14,153157.958,46
Latvia,15 - 19,159889.278,46
Latvia,15 - 64,1522127.06,46
Latvia,20 - 24,166634.931,46
Latvia,20 - 64,1362237.78,46
Latvia,25 - 29,170453.667,46
Latvia,30 - 34,164377.139,46
Latvia,35 - 39,159865.931,46
Latvia,40 - 44,154980.333,46
Costa Rica,45 - 49,138792.236,46
Latvia,5 - 9,149057.583,46
Costa Rica,50 - 54,117515.542,46
Slovenia,50_OVER,545465.75,46
Slovenia,55 - 59,105841.764,46
Slovenia,60 - 64,93265.4444,46
Singapore,65 - 69,71809.9028,46
Singapore,65_OVER,186842.889,46
Singapore,70 - 74,49863.1806,46
Estonia,75 - 79,36743.1944,46
Estonia,80 - 84,23002.6389,46
Estonia,85_OVER,14780.7639,46
Slovenia,LESS_20,510726.028,47
Slovenia,0 - 4,124326.597,47
Slovenia,10 - 14,128419.917,47
Slovenia,15 - 19,130925.778,47
Slovenia,15 - 64,1247023.71,47
Slovenia,20 - 24,135745.444,47
Slovenia,20 - 64,1116097.93,47
Slovenia,25 - 29,138770.389,47
Slovenia,30 - 34,137936.417,47
Slovenia,35 - 39,134205.583,47
Slovenia,40 - 44,130114.958,47
Slovenia,45 - 49,123855.917,47
Slovenia,5 - 9,127053.736,47
Slovenia,50 - 54,116362.014,47
Costa Rica,50_OVER,448808.486,47
Costa Rica,55 - 59,96087.3472,47
Costa Rica,60 - 64,75424.3333,47
Estonia,65 - 69,60737.2778,47
Estonia,65_OVER,184684.472,47
Estonia,70 - 74,49420.5972,47
Singapore,75 - 79,32219.9861,47
Singapore,80 - 84,18983.0278,47
Costa Rica,85_OVER,14303.7083,47
Estonia,LESS_20,370943,48
Estonia,0 - 4,91759.5833,48
Estonia,10 - 14,92909.6528,48
Estonia,15 - 19,94047.9444,48
Estonia,15 - 64,899439,48
Estonia,20 - 24,98233.3194,48
Estonia,20 - 64,805391.056,48
Estonia,25 - 29,101155.681,48
Estonia,30 - 34,99086.1111,48
Estonia,35 - 39,95426.7917,48
Estonia,40 - 44,92194.5556,48
Estonia,45 - 49,88171.3472,48
Estonia,5 - 9,92225.8194,48
Estonia,50 - 54,83359.8333,48
Estonia,50_OVER,415807.722,48
Estonia,55 - 59,77589.6806,48
Estonia,60 - 64,70173.7361,48
Costa Rica,65 - 69,57035.3611,48
Costa Rica,65_OVER,159781.083,48
Costa Rica,70 - 74,41561.3611,48
Costa Rica,75 - 79,28804.4306,48
Costa Rica,80 - 84,18075.9444,48
Singapore,85_OVER,13966.7917,48
Cyprus,LESS_20,221530.778,49
Cyprus,0 - 4,55976.9167,49
Cyprus,10 - 14,55190.3194,49
Cyprus,15 - 19,54995.2917,49
Cyprus,15 - 64,427652.375,49
Cyprus,20 - 24,54457.7083,49
Cyprus,20 - 64,372657.083,49
Cyprus,25 - 29,51511.6111,49
Cyprus,30 - 34,48181.3194,49
Cyprus,35 - 39,44591.9306,49
Cyprus,40 - 44,41285.9444,49
Cyprus,45 - 49,38314.6111,49
Cyprus,5 - 9,55368.25,49
Cyprus,50 - 54,35046.7778,49
Cyprus,50_OVER,164819.278,49
Cyprus,55 - 59,31527.3889,49
Cyprus,60 - 64,27739.7917,49
Cyprus,65 - 69,23887.75,49
Cyprus,65_OVER,70505.3194,49
Cyprus,70 - 74,18916.8472,49
Cyprus,75 - 79,13409.2083,49
Cyprus,80 - 84,8267.22222,49
Cyprus,85_OVER,6024.29167,49
Malta,LESS_20,113512.194,50
Malta,0 - 4,28044.7083,50
Malta,10 - 14,28784.25,50
Malta,15 - 19,28415.0972,50
Luxembourg,15 - 64,275690.028,50
Malta,20 - 24,27767.2222,50
Luxembourg,20 - 64,250220.431,50
Luxembourg,25 - 29,30300.0139,50
Luxembourg,30 - 34,31293.9861,50
Luxembourg,35 - 39,31062.5833,50
Luxembourg,40 - 44,30114.3194,50
Luxembourg,45 - 49,28707.4722,50
Malta,5 - 9,28268.1389,50
Luxembourg,50 - 54,26670.9028,50
Luxembourg,50_OVER,124545.208,50
Luxembourg,55 - 59,23887.8056,50
Luxembourg,60 - 64,20715.2639,50
Luxembourg,65 - 69,17527.3611,50
Luxembourg,65_OVER,53271.2361,50
Luxembourg,70 - 74,14142.6389,50
Luxembourg,75 - 79,10408.1667,50
Luxembourg,80 - 84,6568.29167,50
Luxembourg,85_OVER,4624.77778,50
Luxembourg,LESS_20,101264.792,51
Luxembourg,0 - 4,25374.0694,51
Luxembourg,10 - 14,25106.7639,51
Luxembourg,15 - 19,25469.5972,51
Malta,15 - 64,237475.917,51
Luxembourg,20 - 24,27468.0833,51
Malta,20 - 64,209060.819,51
Malta,25 - 29,27181.5278,51
Malta,30 - 34,26145.8333,51
Malta,35 - 39,24692.9167,51
Malta,40 - 44,23383.4861,51
Malta,45 - 49,22017.6944,51
Luxembourg,5 - 9,25314.3611,51
Malta,50 - 54,20774.2222,51
Malta,50_OVER,100026.722,51
Malta,55 - 59,19454.8611,51
Malta,60 - 64,17643.0556,51
Malta,65 - 69,15019.8194,51
Malta,65_OVER,42154.5833,51
Malta,70 - 74,11680.875,51
Malta,75 - 79,7879.79167,51
Malta,80 - 84,4656.22222,51
Malta,85_OVER,2917.875,51
Iceland,LESS_20,83256.8472,52
Iceland,0 - 4,21688.3333,52
Iceland,10 - 14,20505.3056,52
Iceland,15 - 19,19834.4167,52
Iceland,15 - 64,156284.472,52
Iceland,20 - 24,19425.4028,52
Iceland,20 - 64,136450.056,52
Iceland,25 - 29,18677.6111,52
Iceland,30 - 34,17516.8194,52
Iceland,35 - 39,16426.8333,52
Iceland,40 - 44,15319.5556,52
Iceland,45 - 49,14219.8194,52
Iceland,5 - 9,21228.7917,52
Iceland,50 - 54,13024.5556,52
Iceland,50_OVER,61590.4583,52
Iceland,55 - 59,11692.2083,52
Iceland,60 - 64,10147.25,52
Iceland,65 - 69,8493.29167,52
Iceland,65_OVER,26726.4444,52
Iceland,70 - 74,6831.22222,52
Iceland,75 - 79,5144.40278,52
Iceland,80 - 84,3469.38889,52
Iceland,85_OVER,2788.13889,52
