"COUNTRY_NAME","YEAR","CO2","CUMUL_CO2"
Argentina,1990,111949228,13000000000
Argentina,1991,117326474,32000000000
Argentina,1992,121034194,50900000000
Argentina,1993,117594885,70100000000
Argentina,1994,122052755,89700000000
Argentina,1995,127584875,109000000000
Argentina,1996,134567873,130000000000
Argentina,1997,137436656,142000000000
Argentina,1998,139227344,163000000000
Argentina,1999,147007870,183000000000
Argentina,2000,142022671,211000000000
Argentina,2001,133576109,233000000000
Argentina,2002,123917050,255000000000
Argentina,2003,134064009,278000000000
Argentina,2004,156365953,301000000000
Argentina,2005,160772054,326000000000
Argentina,2006,173886212,350000000000
Argentina,2007,173565863,368000000000
Argentina,2008,187449293,395000000000
Argentina,2009,178405670,423000000000
Argentina,2010,186243165,450000000000
Argentina,2011,190002069,477000000000
Argentina,2012,191614134,505000000000
Argentina,2013,190164514,534000000000
Argentina,2014,188798641,563000000000
Argentina,2015,192658593,592000000000
Argentina,2016,191336729,620000000000
Argentina,2017,188264928,649000000000
Argentina,2018,181643995,678000000000
Argentina,2019,168156954,708000000000
Argentina,2020,157606728,736000000000
Argentina,2021,159107134,759000000000
Australia,1990,281086572,18500000000
Australia,1991,283425978,37600000000
Australia,1992,287590292,56600000000
Australia,1993,291847715,75800000000
Australia,1994,300201292,95300000000
Australia,1995,308224741,115000000000
Australia,1996,316949411,136000000000
Australia,1997,327746893,156000000000
Australia,1998,339071804,177000000000
Australia,1999,347043084,197000000000
Australia,2000,352511904,198000000000
Australia,2001,361957556,239000000000
Australia,2002,368888579,261000000000
Australia,2003,375069689,283000000000
Australia,2004,387798856,307000000000
Australia,2005,387569022,332000000000
Australia,2006,395836523,356000000000
Australia,2007,400220631,383000000000
Australia,2008,408057521,409000000000
Australia,2009,400229048,436000000000
Australia,2010,402288579,463000000000
Australia,2011,401783302,464000000000
Australia,2012,399668602,492000000000
Australia,2013,391027064,521000000000
Australia,2014,397210802,550000000000
Australia,2015,401316176,579000000000
Australia,2016,414714219,608000000000
Australia,2017,415042045,637000000000
Australia,2018,417413637,666000000000
Australia,2019,417190209,696000000000
Australia,2020,394863883,725000000000
Australia,2021,395553539,754000000000
Austria,1990,61769228,15600000000
Austria,1991,65587570.6,34700000000
Austria,1992,60311698.2,53300000000
Austria,1993,60764918.4,73000000000
Austria,1994,60949221.4,92400000000
Austria,1995,63675983.5,112000000000
Austria,1996,66860946.7,133000000000
Austria,1997,66709294.4,153000000000
Austria,1998,66352464.6,174000000000
Austria,1999,65160591.1,194000000000
Austria,2000,65665787.3,199000000000
Austria,2001,69658376.1,236000000000
Austria,2002,71480523.9,258000000000
Austria,2003,76904784.3,280000000000
Austria,2004,77220299.6,304000000000
Austria,2005,78796203,329000000000
Austria,2006,76635266.5,353000000000
Austria,2007,73931689.1,380000000000
Austria,2008,73296219.1,406000000000
Austria,2009,67040207.4,433000000000
Austria,2010,71581822.5,460000000000
Austria,2011,69351590.1,465000000000
Austria,2012,66662709,493000000000
Austria,2013,67133303.9,522000000000
Austria,2014,63630034.8,551000000000
Austria,2015,65975898.7,578000000000
Austria,2016,67157907.4,607000000000
Austria,2017,69402979.3,636000000000
Austria,2018,66163517.1,665000000000
Austria,2019,67374499.7,695000000000
Austria,2020,60031991.1,725000000000
Austria,2021,60265438,753000000000
Belgium,1990,119837010,18300000000
Belgium,1991,122948776,37300000000
Belgium,1992,122104545,56300000000
Belgium,1993,121028410,75600000000
Belgium,1994,124312325,95000000000
Belgium,1995,125329802,115000000000
Belgium,1996,128825083,135000000000
Belgium,1997,123467583,156000000000
Belgium,1998,129772901,176000000000
Belgium,1999,124351215,197000000000
Belgium,2000,126340829,198000000000
Belgium,2001,125668989,239000000000
Belgium,2002,126471614,260000000000
Belgium,2003,127722222,283000000000
Belgium,2004,128056035,307000000000
Belgium,2005,124827575,331000000000
Belgium,2006,123049678,356000000000
Belgium,2007,119660312,382000000000
Belgium,2008,119404615,409000000000
Belgium,2009,107082565,435000000000
Belgium,2010,114091881,463000000000
Belgium,2011,104832658,463000000000
Belgium,2012,102223252,492000000000
Belgium,2013,102385828,520000000000
Belgium,2014,96509855.4,549000000000
Belgium,2015,100612655,579000000000
Belgium,2016,99349475.3,608000000000
Belgium,2017,98832701.2,636000000000
Belgium,2018,99542519.7,666000000000
Belgium,2019,99077576.6,695000000000
Belgium,2020,83151501.2,725000000000
Belgium,2021,83481572.6,753000000000
Brazil,1990,218558366,14300000000
Brazil,1991,229121492,33400000000
Brazil,1992,233168661,52000000000
Brazil,1993,243690813,71200000000
Brazil,1994,253170266,88800000000
Brazil,1995,267559782,109000000000
Brazil,1996,287822628,129000000000
Brazil,1997,305072942,144000000000
Brazil,1998,315155519,165000000000
Brazil,1999,324806757,185000000000
Brazil,2000,338188861,204000000000
Brazil,2001,344237023,235000000000
Brazil,2002,345753876,254000000000
Brazil,2003,342558085,277000000000
Brazil,2004,359191935,294000000000
Brazil,2005,362147192,319000000000
Brazil,2006,366703368,344000000000
Brazil,2007,388329414,369000000000
Brazil,2008,410446018,396000000000
Brazil,2009,387954443,430000000000
Brazil,2010,438417720,457000000000
Brazil,2011,460446893,470000000000
Brazil,2012,495877645,499000000000
Brazil,2013,529685610,528000000000
Brazil,2014,555022404,556000000000
Brazil,2015,526774252,585000000000
Brazil,2016,490342457,620000000000
Brazil,2017,498278215,649000000000
Brazil,2018,481435261,678000000000
Brazil,2019,483715954,702000000000
Brazil,2020,465616240,731000000000
Brazil,2021,469050707,759000000000
Bulgaria,1990,75630222.1,13100000000
Bulgaria,1991,60572598.5,32100000000
Bulgaria,1992,56464606.8,50700000000
Bulgaria,1993,57719253.6,69900000000
Bulgaria,1994,56196016.6,89500000000
Bulgaria,1995,58135362.1,109000000000
Bulgaria,1996,59000798.1,129000000000
Bulgaria,1997,56538019.7,142000000000
Bulgaria,1998,53953253.2,163000000000
Bulgaria,1999,47205858,183000000000
Bulgaria,2000,46444684.4,211000000000
Bulgaria,2001,49466351.7,233000000000
Bulgaria,2002,45985774.4,254000000000
Bulgaria,2003,50345713.9,277000000000
Bulgaria,2004,49407289.4,300000000000
Bulgaria,2005,50471848.7,326000000000
Bulgaria,2006,51690255,351000000000
Bulgaria,2007,55509873.3,377000000000
Bulgaria,2008,53852500.8,403000000000
Bulgaria,2009,45636486.7,430000000000
Bulgaria,2010,47671126.7,457000000000
Bulgaria,2011,52957868.4,476000000000
Bulgaria,2012,48155385.3,505000000000
Bulgaria,2013,42534187.7,534000000000
Bulgaria,2014,45081423.6,562000000000
Bulgaria,2015,48129762.2,591000000000
Bulgaria,2016,45348866.6,620000000000
Bulgaria,2017,47404778.6,649000000000
Bulgaria,2018,43473064.4,678000000000
Bulgaria,2019,42075574.2,707000000000
Bulgaria,2020,37366339,736000000000
Bulgaria,2021,37063092.4,765000000000
Canada,1990,460498864,500030560
Canada,1991,452095494,19400000000
Canada,1992,465932756,53800000000
Canada,1993,466216677,72900000000
Canada,1994,480585940,92300000000
Canada,1995,493277178,112000000000
Canada,1996,509622579,133000000000
Canada,1997,524145131,153000000000
Canada,1998,531332314,174000000000
Canada,1999,545502287,194000000000
Canada,2000,568355343,199000000000
Canada,2001,561591720,219000000000
Canada,2002,567962068,240000000000
Canada,2003,585228312,262000000000
Canada,2004,583043484,285000000000
Canada,2005,577274722,309000000000
Canada,2006,572010187,357000000000
Canada,2007,593911134,380000000000
Canada,2008,577793974,406000000000
Canada,2009,544712057,433000000000
Canada,2010,556469211,460000000000
Canada,2011,566573139,465000000000
Canada,2012,565875230,493000000000
Canada,2013,570227335,522000000000
Canada,2014,566933388,551000000000
Canada,2015,567911357,580000000000
Canada,2016,555361251,609000000000
Canada,2017,566464020,638000000000
Canada,2018,579322260,667000000000
Canada,2019,585350239,697000000000
Canada,2020,540011806,726000000000
Canada,2021,542977603,755000000000
Chile,1990,32653829.2,6598995791
Chile,1991,30781913.7,25600000000
Chile,1992,32018490.2,44000000000
Chile,1993,33982101.4,63100000000
Chile,1994,37531215.3,82300000000
Chile,1995,41073293.9,102000000000
Chile,1996,47603191.7,122000000000
Chile,1997,55420026.1,142000000000
Chile,1998,56776251.3,163000000000
Chile,1999,60888405,183000000000
Chile,2000,58099184.4,212000000000
Chile,2001,52571632.6,225000000000
Chile,2002,54496224.6,247000000000
Chile,2003,54889555.8,269000000000
Chile,2004,59052496.9,293000000000
Chile,2005,60929391.4,318000000000
Chile,2006,63923438,343000000000
Chile,2007,70630767.6,369000000000
Chile,2008,70750693.1,396000000000
Chile,2009,65880565.4,423000000000
Chile,2010,71316813.5,450000000000
Chile,2011,78157636.6,477000000000
Chile,2012,79881174.8,506000000000
Chile,2013,81998974.4,534000000000
Chile,2014,77698982.5,563000000000
Chile,2015,81833925.9,592000000000
Chile,2016,84197712.4,621000000000
Chile,2017,83812810.9,649000000000
Chile,2018,84509554.6,679000000000
Chile,2019,86834520.9,708000000000
Chile,2020,82624168.4,736000000000
Chile,2021,83558560.7,765000000000
China,1990,2435914113,5845601061
China,1991,2557440994,24800000000
China,1992,2678969750,43200000000
China,1993,2866609526,62200000000
China,1994,3042707448,81400000000
China,1995,3296277149,101000000000
China,1996,3437914256,121000000000
China,1997,3442873512,142000000000
China,1998,3294021432,162000000000
China,1999,3282153445,183000000000
China,2000,3368661826,216000000000
China,2001,3443532384,224000000000
China,2002,3794316674,246000000000
China,2003,4453684852,268000000000
China,2004,5120044609,292000000000
China,2005,5762233252,316000000000
China,2006,6366038601,340000000000
China,2007,6851686424,366000000000
China,2008,7367216875,393000000000
China,2009,7758812219,421000000000
China,2010,8486854699,447000000000
China,2011,9394247746,489000000000
China,2012,9651004152,517000000000
China,2013,9839886356,546000000000
China,2014,9883802747,575000000000
China,2015,9756488215,604000000000
China,2016,9636856210,633000000000
China,2017,9845440218,662000000000
China,2018,1.02E+10,691000000000
China,2019,1.04E+10,721000000000
China,2020,1.06E+10,750000000000
China,2021,1.06E+10,778000000000
Colombia,1990,58663706.8,6566341962
Colombia,1991,58453548.7,25600000000
Colombia,1992,63456900.9,44000000000
Colombia,1993,65351816.5,63100000000
Colombia,1994,68835702.1,82300000000
Colombia,1995,60471050.1,102000000000
Colombia,1996,61369561.4,122000000000
Colombia,1997,66055562.9,142000000000
Colombia,1998,66550632.5,163000000000
Colombia,1999,55788094.5,184000000000
Colombia,2000,57203680.3,212000000000
Colombia,2001,56713693.9,225000000000
Colombia,2002,56045335,247000000000
Colombia,2003,57596370.3,269000000000
Colombia,2004,54948694.3,293000000000
Colombia,2005,60398809.1,318000000000
Colombia,2006,62298812.9,343000000000
Colombia,2007,60439414.9,369000000000
Colombia,2008,66945544.4,396000000000
Colombia,2009,72927635.3,423000000000
Colombia,2010,76762295.3,450000000000
Colombia,2011,76716014.4,477000000000
Colombia,2012,80602939.7,506000000000
Colombia,2013,88604240.8,534000000000
Colombia,2014,90009899.8,563000000000
Colombia,2015,93286683.5,592000000000
Colombia,2016,94350366,621000000000
Colombia,2017,86969389.3,649000000000
Colombia,2018,85176519.2,679000000000
Colombia,2019,90482229.6,708000000000
Colombia,2020,89155432,737000000000
Colombia,2021,90314705.3,765000000000
CostaRica,1990,2828865.3,3409686949
CostaRica,1991,3184656.31,22200000000
CostaRica,1992,3609846.4,40500000000
CostaRica,1993,3738104.52,59400000000
CostaRica,1994,5012467.42,81400000000
CostaRica,1995,4642030.51,97900000000
CostaRica,1996,4542550.11,118000000000
CostaRica,1997,4773794.81,138000000000
CostaRica,1998,5091068.88,159000000000
CostaRica,1999,5299821.12,179000000000
CostaRica,2000,5271353.44,213000000000
CostaRica,2001,5553268.68,221000000000
CostaRica,2002,6125859.55,246000000000
CostaRica,2003,6459754.69,264000000000
CostaRica,2004,6722955.12,287000000000
CostaRica,2005,6613180.53,310000000000
CostaRica,2006,6899060.2,334000000000
CostaRica,2007,7844599.51,359000000000
CostaRica,2008,7884215.36,386000000000
CostaRica,2009,7659703.77,421000000000
CostaRica,2010,7421422.08,439000000000
CostaRica,2011,7246203.27,479000000000
CostaRica,2012,7205057.66,508000000000
CostaRica,2013,7584928.3,536000000000
CostaRica,2014,7712321.45,565000000000
CostaRica,2015,7382212.15,594000000000
CostaRica,2016,7908400.77,623000000000
CostaRica,2017,8307460.95,652000000000
CostaRica,2018,8228712.71,681000000000
CostaRica,2019,8836148.77,711000000000
CostaRica,2020,7933974.7,739000000000
CostaRica,2021,8014380.26,767000000000
Croatia,1990,23445930.2,6507678255
Croatia,1991,17287808.3,25500000000
Croatia,1992,16597818.3,43900000000
Croatia,1993,17147427.6,63000000000
Croatia,1994,16609826.1,82200000000
Croatia,1995,17509688.2,102000000000
Croatia,1996,18040601.4,122000000000
Croatia,1997,19289968.5,142000000000
Croatia,1998,19723062.2,163000000000
Croatia,1999,20691988.4,183000000000
Croatia,2000,20194988.1,212000000000
Croatia,2001,20271959.9,225000000000
Croatia,2002,21421617.3,247000000000
Croatia,2003,22762083.7,269000000000
Croatia,2004,22477509.9,293000000000
Croatia,2005,22983361.6,318000000000
Croatia,2006,23232917.5,343000000000
Croatia,2007,24568703.1,369000000000
Croatia,2008,23365940.9,396000000000
Croatia,2009,21627235.7,423000000000
Croatia,2010,20860211.9,450000000000
Croatia,2011,20496493.5,477000000000
Croatia,2012,18962661.6,505000000000
Croatia,2013,18345465.3,534000000000
Croatia,2014,17611051.7,563000000000
Croatia,2015,17693995.4,592000000000
Croatia,2016,17935925.1,620000000000
Croatia,2017,18457093.7,649000000000
Croatia,2018,17406259.3,678000000000
Croatia,2019,17498789.4,708000000000
Croatia,2020,16743783.5,736000000000
Croatia,2021,16045936.9,765000000000
Cyprus,1990,3518730.43,7179160832
Cyprus,1991,3906857.44,26200000000
Cyprus,1992,4210593.91,44700000000
Cyprus,1993,4404079.97,63800000000
Cyprus,1994,4581719.85,78400000000
Cyprus,1995,4468226.72,97900000000
Cyprus,1996,4711388.3,118000000000
Cyprus,1997,4749441.75,138000000000
Cyprus,1998,4937409.85,159000000000
Cyprus,1999,5097085.12,179000000000
Cyprus,2000,5238718.32,213000000000
Cyprus,2001,5109739.53,221000000000
Cyprus,2002,5217904.91,242000000000
Cyprus,2003,5475833.67,264000000000
Cyprus,2004,5620234.78,287000000000
Cyprus,2005,5716951.35,310000000000
Cyprus,2006,5877376.26,334000000000
Cyprus,2007,6131179.56,359000000000
Cyprus,2008,6337839.3,386000000000
Cyprus,2009,6231724.38,413000000000
Cyprus,2010,6038191.77,439000000000
Cyprus,2011,5889734.08,479000000000
Cyprus,2012,5527273.26,508000000000
Cyprus,2013,4959361.45,536000000000
Cyprus,2014,5141692.98,565000000000
Cyprus,2015,5089250.25,594000000000
Cyprus,2016,5365419.81,623000000000
Cyprus,2017,5481372.81,652000000000
Cyprus,2018,5370192.65,681000000000
Cyprus,2019,5400928.16,711000000000
Cyprus,2020,4799441.9,739000000000
Cyprus,2021,4842125.44,767000000000
Czechia,1990,164549894,18100000000
Czechia,1991,148348864,37200000000
Czechia,1992,144124913,56200000000
Czechia,1993,138258455,75400000000
Czechia,1994,132053469,94900000000
Czechia,1995,131251952,115000000000
Czechia,1996,134498819,135000000000
Czechia,1997,130286267,156000000000
Czechia,1998,124965431,176000000000
Czechia,1999,116346967,197000000000
Czechia,2000,126918968,198000000000
Czechia,2001,126445314,239000000000
Czechia,2002,123317671,260000000000
Czechia,2003,126946946,283000000000
Czechia,2004,127762190,307000000000
Czechia,2005,125383644,331000000000
Czechia,2006,126100851,356000000000
Czechia,2007,127875497,382000000000
Czechia,2008,123047317,409000000000
Czechia,2009,115275465,435000000000
Czechia,2010,117388307,463000000000
Czechia,2011,114406339,463000000000
Czechia,2012,110532062,492000000000
Czechia,2013,105762930,520000000000
Czechia,2014,103443024,549000000000
Czechia,2015,104286388,579000000000
Czechia,2016,106147163,608000000000
Czechia,2017,107091900,636000000000
Czechia,2018,105741062,666000000000
Czechia,2019,100624760,695000000000
Czechia,2020,87902194.1,725000000000
Czechia,2021,86264895.7,753000000000
Denmark,1990,53571566,19000000000
Denmark,1991,64181104.3,38100000000
Denmark,1992,58376639.3,38500000000
Denmark,1993,60609657.4,57500000000
Denmark,1994,64610101,76700000000
Denmark,1995,61545185.6,96200000000
Denmark,1996,74946424.9,136000000000
Denmark,1997,65531920.9,137000000000
Denmark,1998,61229783.7,173000000000
Denmark,1999,58606159,194000000000
Denmark,2000,54252565.8,198000000000
Denmark,2001,55848121.6,240000000000
Denmark,2002,55552929.8,261000000000
Denmark,2003,60628618.4,284000000000
Denmark,2004,55059952.6,308000000000
Denmark,2005,51452121.7,332000000000
Denmark,2006,59322709.2,357000000000
Denmark,2007,54531038.8,358000000000
Denmark,2008,51138680.9,384000000000
Denmark,2009,48754635.4,432000000000
Denmark,2010,49072908.6,460000000000
Denmark,2011,44087519.5,464000000000
Denmark,2012,39671080.4,493000000000
Denmark,2013,41528505.6,521000000000
Denmark,2014,37381161.7,550000000000
Denmark,2015,35139669,579000000000
Denmark,2016,37096337.6,608000000000
Denmark,2017,34915352.6,637000000000
Denmark,2018,34900436,666000000000
Denmark,2019,31125260.8,696000000000
Denmark,2020,26344751.1,726000000000
Denmark,2021,26457142.9,754000000000
Estonia,1990,37744282.5,6033629940
Estonia,1991,34109381,25000000000
Estonia,1992,24551928,43900000000
Estonia,1993,19482811.2,63000000000
Estonia,1994,20110943.9,82200000000
Estonia,1995,18258781,102000000000
Estonia,1996,19105590.5,122000000000
Estonia,1997,18511009.3,142000000000
Estonia,1998,16673999.4,163000000000
Estonia,1999,15592794.8,183000000000
Estonia,2000,15461658.6,212000000000
Estonia,2001,15825087.5,225000000000
Estonia,2002,15311358.4,247000000000
Estonia,2003,17207220.6,269000000000
Estonia,2004,17354871.9,293000000000
Estonia,2005,17145151.9,318000000000
Estonia,2006,16471077.6,342000000000
Estonia,2007,19967844,369000000000
Estonia,2008,17835609.4,396000000000
Estonia,2009,14471332.9,423000000000
Estonia,2010,18986373.5,450000000000
Estonia,2011,19087017.7,477000000000
Estonia,2012,17840055.2,505000000000
Estonia,2013,19721963.8,534000000000
Estonia,2014,18860350.2,563000000000
Estonia,2015,15850754.8,592000000000
Estonia,2016,17557692.4,620000000000
Estonia,2017,18759934,649000000000
Estonia,2018,17931708.9,678000000000
Estonia,2019,12391572.2,708000000000
Estonia,2020,10475597.2,736000000000
Estonia,2021,10487046.1,765000000000
Finland,1990,56856782.9,18000000000
Finland,1991,55171110.5,37000000000
Finland,1992,54252818.8,56100000000
Finland,1993,56288905.2,75300000000
Finland,1994,61604784.5,94700000000
Finland,1995,58012589.6,114000000000
Finland,1996,63901801.1,135000000000
Finland,1997,62574239.9,155000000000
Finland,1998,59246095.4,176000000000
Finland,1999,58772931.2,197000000000
Finland,2000,56909005.4,197000000000
Finland,2001,62386123.3,238000000000
Finland,2002,64900462.7,260000000000
Finland,2003,72462043,283000000000
Finland,2004,68776569.6,306000000000
Finland,2005,56908156.5,331000000000
Finland,2006,68243639.3,356000000000
Finland,2007,66651724.4,382000000000
Finland,2008,58549922.2,409000000000
Finland,2009,55900952.5,435000000000
Finland,2010,64074238.1,462000000000
Finland,2011,56648033.7,463000000000
Finland,2012,51221702.8,492000000000
Finland,2013,51728033.4,520000000000
Finland,2014,47645537.5,549000000000
Finland,2015,44113467.3,578000000000
Finland,2016,47208444.9,607000000000
Finland,2017,44626482.1,636000000000
Finland,2018,45790461.9,665000000000
Finland,2019,42464855.7,695000000000
Finland,2020,39208361.4,725000000000
Finland,2021,39289727.2,753000000000
France,1990,393289521,18900000000
France,1991,428216312,38000000000
France,1992,418120440,57000000000
France,1993,398415055,76200000000
France,1994,391534270,95700000000
France,1995,396539955,115000000000
France,1996,413343424,136000000000
France,1997,405934888,156000000000
France,1998,425001604,157000000000
France,1999,422838212,178000000000
France,2000,417660170,198000000000
France,2001,422832679,240000000000
France,2002,418238275,261000000000
France,2003,424156859,284000000000
France,2004,425351859,308000000000
France,2005,428014278,332000000000
France,2006,418192814,357000000000
France,2007,407648262,383000000000
France,2008,399991365,410000000000
France,2009,379923116,411000000000
France,2010,387916409,437000000000
France,2011,364170272,464000000000
France,2012,366227837,492000000000
France,2013,367846847,521000000000
France,2014,336460896,550000000000
France,2015,340451438,579000000000
France,2016,344003574,608000000000
France,2017,347601949,637000000000
France,2018,332959941,666000000000
France,2019,326730123,696000000000
France,2020,286240535,726000000000
France,2021,287001862,754000000000
Germany,1990,1057523242,17900000000
Germany,1991,1020898305,37000000000
Germany,1992,973883010,56000000000
Germany,1993,964784306,75200000000
Germany,1994,946853466,94700000000
Germany,1995,945210398,114000000000
Germany,1996,966123704,135000000000
Germany,1997,938595507,155000000000
Germany,1998,930667585,176000000000
Germany,1999,903692883,197000000000
Germany,2000,908813148,201000000000
Germany,2001,926732177,238000000000
Germany,2002,910494554,260000000000
Germany,2003,911307892,283000000000
Germany,2004,896539414,306000000000
Germany,2005,875902150,331000000000
Germany,2006,888068455,356000000000
Germany,2007,861982195,382000000000
Germany,2008,865940861,409000000000
Germany,2009,800086417,435000000000
Germany,2010,842738485,462000000000
Germany,2011,803405646,467000000000
Germany,2012,808487923,495000000000
Germany,2013,826037790,524000000000
Germany,2014,788034864,553000000000
Germany,2015,794629610,582000000000
Germany,2016,802195561,611000000000
Germany,2017,785869504,640000000000
Germany,2018,752128171,669000000000
Germany,2019,707815277,699000000000
Germany,2020,639518919,728000000000
Germany,2021,639789612,756000000000
Greece,1990,83187454.2,15100000000
Greece,1991,83440079.4,34200000000
Greece,1992,84809981.9,52800000000
Greece,1993,83708971.7,72000000000
Greece,1994,85370092.3,91400000000
Greece,1995,85495036.5,111000000000
Greece,1996,87294252.4,132000000000
Greece,1997,91713351.7,152000000000
Greece,1998,96397012.5,173000000000
Greece,1999,95593786.4,194000000000
Greece,2000,100431038,202000000000
Greece,2001,102808163,235000000000
Greece,2002,102388662,257000000000
Greece,2003,106262012,280000000000
Greece,2004,106818025,304000000000
Greece,2005,111520642,328000000000
Greece,2006,110814640,353000000000
Greece,2007,113851472,379000000000
Greece,2008,111502955,405000000000
Greece,2009,105761636,432000000000
Greece,2010,99451297.1,459000000000
Greece,2011,96957816.4,468000000000
Greece,2012,93668405.4,496000000000
Greece,2013,83446154.2,525000000000
Greece,2014,80065762.8,554000000000
Greece,2015,76094213.5,583000000000
Greece,2016,72453733.8,612000000000
Greece,2017,76166931.3,641000000000
Greece,2018,73244919.9,670000000000
Greece,2019,67293264.1,700000000000
Greece,2020,53615982.8,729000000000
Greece,2021,53407329.1,757000000000
Hungary,1990,73203272.3,16800000000
Hungary,1991,69725761.8,35900000000
Hungary,1992,62149050.8,55000000000
Hungary,1993,63379727.5,74200000000
Hungary,1994,61701601.4,93700000000
Hungary,1995,61270674.3,113000000000
Hungary,1996,62895276.9,134000000000
Hungary,1997,61515867.1,154000000000
Hungary,1998,61086065.6,175000000000
Hungary,1999,61592172.1,196000000000
Hungary,2000,58310609.6,200000000000
Hungary,2001,59933660.8,236000000000
Hungary,2002,58954367.2,259000000000
Hungary,2003,61684316.5,282000000000
Hungary,2004,60088462.6,305000000000
Hungary,2005,60284535.4,330000000000
Hungary,2006,59734843.6,355000000000
Hungary,2007,58738353,381000000000
Hungary,2008,57513483.3,408000000000
Hungary,2009,51797361,434000000000
Hungary,2010,52449847.4,462000000000
Hungary,2011,50511569,466000000000
Hungary,2012,47022971,495000000000
Hungary,2013,43852434.7,523000000000
Hungary,2014,43951951.5,552000000000
Hungary,2015,46925164.1,581000000000
Hungary,2016,47366658.1,611000000000
Hungary,2017,49747829.9,639000000000
Hungary,2018,49754438.8,668000000000
Hungary,2019,49517874.4,698000000000
Hungary,2020,48724265.9,727000000000
Hungary,2021,48523075.4,756000000000
Iceland,1990,2226451.57,16900000000
Iceland,1991,2107497.94,34100000000
Iceland,1992,2262818.57,52300000000
Iceland,1993,2421159.8,71500000000
Iceland,1994,2372575.26,90900000000
Iceland,1995,2465606.63,111000000000
Iceland,1996,2511095.86,131000000000
Iceland,1997,2603338.74,152000000000
Iceland,1998,2625652.54,173000000000
Iceland,1999,2835432.09,193000000000
Iceland,2000,2940098.49,202000000000
Iceland,2001,2884280.34,235000000000
Iceland,2002,3014227.82,257000000000
Iceland,2003,3001174.56,279000000000
Iceland,2004,3119492.01,303000000000
Iceland,2005,2994108.32,327000000000
Iceland,2006,3195651.19,352000000000
Iceland,2007,3569233.5,378000000000
Iceland,2008,3891684.91,405000000000
Iceland,2009,3756466.06,432000000000
Iceland,2010,3598755.91,459000000000
Iceland,2011,3452992.25,467000000000
Iceland,2012,3443873.17,495000000000
Iceland,2013,3446253.67,524000000000
Iceland,2014,3446508.99,554000000000
Iceland,2015,3542357.03,583000000000
Iceland,2016,3521297.08,612000000000
Iceland,2017,3701988.55,641000000000
Iceland,2018,3837576.14,670000000000
Iceland,2019,3776154.07,699000000000
Iceland,2020,3152980.23,728000000000
Iceland,2021,3205128.1,757000000000
India,1990,576646310,7175642102
India,1991,614313723,26200000000
India,1992,654782826,44700000000
India,1993,677146894,63800000000
India,1994,716659921,83000000000
India,1995,762402498,103000000000
India,1996,826688999,123000000000
India,1997,860918912,143000000000
India,1998,879377758,164000000000
India,1999,953987564,184000000000
India,2000,981752561,213000000000
India,2001,996226407,226000000000
India,2002,1027701865,248000000000
India,2003,1065233031,270000000000
India,2004,1132088013,294000000000
India,2005,1193217025,310000000000
India,2006,1267188817,334000000000
India,2007,1365592981,359000000000
India,2008,1470203834,386000000000
India,2009,1620649319,413000000000
India,2010,1686495962,439000000000
India,2011,1790570901,479000000000
India,2012,1977092993,508000000000
India,2013,2053301307,536000000000
India,2014,2205503858,565000000000
India,2015,2290582337,594000000000
India,2016,2407617227,623000000000
India,2017,2462070786,652000000000
India,2018,2631251922,681000000000
India,2019,2658051034,711000000000
India,2020,2470780071,739000000000
India,2021,2490556254,767000000000
Indonesia,1990,150284597,5995885658
Indonesia,1991,180621094,25000000000
Indonesia,1992,203577200,43400000000
Indonesia,1993,219762210,62500000000
Indonesia,1994,222855095,81700000000
Indonesia,1995,226542597,101000000000
Indonesia,1996,255067504,121000000000
Indonesia,1997,280733797,142000000000
Indonesia,1998,215970805,163000000000
Indonesia,1999,243950102,183000000000
Indonesia,2000,274726699,212000000000
Indonesia,2001,303341403,225000000000
Indonesia,2002,310818296,247000000000
Indonesia,2003,340441506,269000000000
Indonesia,2004,344393685,293000000000
Indonesia,2005,348988697,318000000000
Indonesia,2006,346705600,343000000000
Indonesia,2007,388255190,369000000000
Indonesia,2008,366293289,396000000000
Indonesia,2009,401957285,423000000000
Indonesia,2010,451931521,450000000000
Indonesia,2011,504762002,477000000000
Indonesia,2012,521527883,505000000000
Indonesia,2013,496074414,548000000000
Indonesia,2014,498973200,577000000000
Indonesia,2015,545509086,606000000000
Indonesia,2016,554284807,635000000000
Indonesia,2017,568013648,664000000000
Indonesia,2018,606823667,694000000000
Indonesia,2019,651528978,723000000000
Indonesia,2020,581051520,752000000000
Indonesia,2021,586752261,778000000000
Ireland,1990,32895886,16900000000
Ireland,1991,33749984.8,36000000000
Ireland,1992,33728373.5,55000000000
Ireland,1993,33973856.8,74300000000
Ireland,1994,35013337.9,92400000000
Ireland,1995,35943163.3,112000000000
Ireland,1996,37535225.4,134000000000
Ireland,1997,38944771.9,154000000000
Ireland,1998,40876781.9,175000000000
Ireland,1999,42555269.9,196000000000
Ireland,2000,45325443.1,201000000000
Ireland,2001,47668169.4,236000000000
Ireland,2002,46189339.9,258000000000
Ireland,2003,45680640.4,280000000000
Ireland,2004,46018570.2,306000000000
Ireland,2005,48069935.9,330000000000
Ireland,2006,47629947.7,355000000000
Ireland,2007,48228007.9,381000000000
Ireland,2008,48108950,408000000000
Ireland,2009,42544605.1,433000000000
Ireland,2010,41797956.1,460000000000
Ireland,2011,37962730.2,466000000000
Ireland,2012,38121660.7,495000000000
Ireland,2013,37285715.9,523000000000
Ireland,2014,37057343,552000000000
Ireland,2015,38981857,581000000000
Ireland,2016,40530508.2,609000000000
Ireland,2017,39456221.3,638000000000
Ireland,2018,39506935.4,667000000000
Ireland,2019,37573052.3,698000000000
Ireland,2020,33616534.5,727000000000
Ireland,2021,33846277.7,756000000000
Israel,1990,37530490.2,6484232325
Israel,1991,38982516.6,25500000000
Israel,1992,45364543,43900000000
Israel,1993,47213594,63000000000
Israel,1994,50205805.9,82200000000
Israel,1995,52453037.5,96200000000
Israel,1996,54433381.8,116000000000
Israel,1997,57451474.7,137000000000
Israel,1998,58677258.1,158000000000
Israel,1999,57579454.8,178000000000
Israel,2000,62955357.9,216000000000
Israel,2001,66958090.5,225000000000
Israel,2002,63152517.6,246000000000
Israel,2003,66504259.6,262000000000
Israel,2004,62462906.2,285000000000
Israel,2005,59992420.2,309000000000
Israel,2006,65619616.3,333000000000
Israel,2007,65854249.2,358000000000
Israel,2008,70986823.1,384000000000
Israel,2009,66485766,411000000000
Israel,2010,70862747.5,437000000000
Israel,2011,71148364,491000000000
Israel,2012,77687350.9,520000000000
Israel,2013,65781204.6,549000000000
Israel,2014,63129221.5,578000000000
Israel,2015,66145228.6,607000000000
Israel,2016,64518429.8,636000000000
Israel,2017,62225549.2,665000000000
Israel,2018,64166997.6,695000000000
Israel,2019,66309223.9,724000000000
Israel,2020,59993970.5,753000000000
Israel,2021,61011459.6,779000000000
Italy,1990,437014918,14700000000
Italy,1991,436558946,33800000000
Italy,1992,436638132,52700000000
Italy,1993,428844503,71900000000
Italy,1994,423042001,91300000000
Italy,1995,447228847,111000000000
Italy,1996,442434598,132000000000
Italy,1997,449649225,152000000000
Italy,1998,463280903,173000000000
Italy,1999,468570915,194000000000
Italy,2000,472567390,202000000000
Italy,2001,471418417,235000000000
Italy,2002,477230228,257000000000
Italy,2003,494539739,280000000000
Italy,2004,500527021,303000000000
Italy,2005,501272513,328000000000
Italy,2006,495680231,353000000000
Italy,2007,490672631,379000000000
Italy,2008,481252314,405000000000
Italy,2009,427971430,432000000000
Italy,2010,439786815,459000000000
Italy,2011,427394432,467000000000
Italy,2012,405547812,496000000000
Italy,2013,370724273,525000000000
Italy,2014,349067279,554000000000
Italy,2015,359221619,583000000000
Italy,2016,354827102,612000000000
Italy,2017,348945078,641000000000
Italy,2018,344702353,670000000000
Italy,2019,335165231,699000000000
Italy,2020,298674911,728000000000
Italy,2021,297020816,757000000000
Japan,1990,1149691741,16800000000
Japan,1991,1161932277,35900000000
Japan,1992,1172203891,54900000000
Japan,1993,1165164021,74200000000
Japan,1994,1219599653,93700000000
Japan,1995,1231818676,113000000000
Japan,1996,1243821802,134000000000
Japan,1997,1237652110,154000000000
Japan,1998,1199007902,175000000000
Japan,1999,1235369901,196000000000
Japan,2000,1258442278,200000000000
Japan,2001,1245628642,237000000000
Japan,2002,1274538642,259000000000
Japan,2003,1283050361,282000000000
Japan,2004,1277686344,305000000000
Japan,2005,1284758958,330000000000
Japan,2006,1262208292,355000000000
Japan,2007,1298455742,381000000000
Japan,2008,1227954577,408000000000
Japan,2009,1158474503,434000000000
Japan,2010,1210232597,462000000000
Japan,2011,1258322880,466000000000
Japan,2012,1297559780,494000000000
Japan,2013,1306113696,523000000000
Japan,2014,1254544420,552000000000
Japan,2015,1214885275,581000000000
Japan,2016,1195893434,610000000000
Japan,2017,1180700546,639000000000
Japan,2018,1136634918,668000000000
Japan,2019,1099884861,698000000000
Japan,2020,1028082970,727000000000
Japan,2021,1022835966,756000000000
Latvia,1990,19651858.7,519682419
Latvia,1991,17928998.4,19500000000
Latvia,1992,14161354.2,40500000000
Latvia,1993,11832079.3,59400000000
Latvia,1994,10276697.1,78400000000
Latvia,1995,9048501.97,97900000000
Latvia,1996,9131210.71,118000000000
Latvia,1997,8607426.67,138000000000
Latvia,1998,8235770.3,158000000000
Latvia,1999,7661245.64,179000000000
Latvia,2000,7032149.74,218000000000
Latvia,2001,7427902.85,221000000000
Latvia,2002,7448129.52,242000000000
Latvia,2003,7665948.29,264000000000
Latvia,2004,7677406.95,287000000000
Latvia,2005,7764839.18,309000000000
Latvia,2006,8284921.35,333000000000
Latvia,2007,8645986.17,368000000000
Latvia,2008,8220899.56,395000000000
Latvia,2009,7445264.11,422000000000
Latvia,2010,8468176,449000000000
Latvia,2011,7684228.15,490000000000
Latvia,2012,7393319.28,517000000000
Latvia,2013,7251980.44,546000000000
Latvia,2014,7074555.82,577000000000
Latvia,2015,7188845.52,606000000000
Latvia,2016,7156500.3,634000000000
Latvia,2017,7182173.86,663000000000
Latvia,2018,7854146.7,693000000000
Latvia,2019,7676610.86,723000000000
Latvia,2020,6823967.69,750000000000
Latvia,2021,6766659.88,778000000000
Lithuania,1990,35785148.2,6277912101
Lithuania,1991,37918350.9,25300000000
Lithuania,1992,21270529.4,43700000000
Lithuania,1993,16406993.8,62800000000
Lithuania,1994,15835745,81700000000
Lithuania,1995,15101961.8,101000000000
Lithuania,1996,15764020.2,122000000000
Lithuania,1997,15176039.2,142000000000
Lithuania,1998,16004401.9,177000000000
Lithuania,1999,13464111.8,197000000000
Lithuania,2000,11868582.7,216000000000
Lithuania,2001,12616892.5,224000000000
Lithuania,2002,12692944,246000000000
Lithuania,2003,12695737.5,284000000000
Lithuania,2004,13271352.7,308000000000
Lithuania,2005,14025614.7,332000000000
Lithuania,2006,14288017.1,333000000000
Lithuania,2007,15689684.2,383000000000
Lithuania,2008,15133269.6,410000000000
Lithuania,2009,13024370.9,436000000000
Lithuania,2010,13826693.6,463000000000
Lithuania,2011,14036536.7,491000000000
Lithuania,2012,14073105.1,520000000000
Lithuania,2013,13127355.1,549000000000
Lithuania,2014,12934100.7,578000000000
Lithuania,2015,13196966.5,607000000000
Lithuania,2016,13252577.8,635000000000
Lithuania,2017,13490638.6,664000000000
Lithuania,2018,13697554.3,694000000000
Lithuania,2019,14097202.6,724000000000
Lithuania,2020,14167520.3,752000000000
Lithuania,2021,14169705,779000000000
Luxembourg,1990,11825343.9,15100000000
Luxembourg,1991,12463937.7,34200000000
Luxembourg,1992,12233938.8,52800000000
Luxembourg,1993,12375591.6,74200000000
Luxembourg,1994,11556496.7,92400000000
Luxembourg,1995,9162373.08,112000000000
Luxembourg,1996,9206689.79,133000000000
Luxembourg,1997,8543123.53,153000000000
Luxembourg,1998,7655458.96,174000000000
Luxembourg,1999,8112967.77,194000000000
Luxembourg,2000,8713894.42,199000000000
Luxembourg,2001,9235093.44,236000000000
Luxembourg,2002,10038498.7,258000000000
Luxembourg,2003,10559532.4,280000000000
Luxembourg,2004,11993288.1,304000000000
Luxembourg,2005,12279983.5,329000000000
Luxembourg,2006,12099796.4,353000000000
Luxembourg,2007,11437982.5,380000000000
Luxembourg,2008,11258395.5,406000000000
Luxembourg,2009,10665210.3,432000000000
Luxembourg,2010,11186645.8,460000000000
Luxembourg,2011,11081961.4,468000000000
Luxembourg,2012,10868144.6,497000000000
Luxembourg,2013,10335779.6,525000000000
Luxembourg,2014,9868034.81,554000000000
Luxembourg,2015,9395239.69,583000000000
Luxembourg,2016,9158548.86,612000000000
Luxembourg,2017,9330566.91,641000000000
Luxembourg,2018,9627069.78,670000000000
Luxembourg,2019,9819893.58,700000000000
Luxembourg,2020,8232516.33,729000000000
Luxembourg,2021,8358548.02,758000000000
Malta,1990,2356306.91,19000000000
Malta,1991,2210446.73,19000000000
Malta,1992,2273175.41,38500000000
Malta,1993,2843761.67,57500000000
Malta,1994,2628206.25,76700000000
Malta,1995,2418110.86,96300000000
Malta,1996,2527096.86,116000000000
Malta,1997,2528755.85,137000000000
Malta,1998,2480869.56,158000000000
Malta,1999,2551811.16,178000000000
Malta,2000,2494822.15,217000000000
Malta,2001,2643008.38,240000000000
Malta,2002,2688832.88,261000000000
Malta,2003,2962376.68,262000000000
Malta,2004,2835419.07,285000000000
Malta,2005,2648868.78,309000000000
Malta,2006,2659227.51,333000000000
Malta,2007,2730833.1,368000000000
Malta,2008,2746335.22,395000000000
Malta,2009,2538273.78,422000000000
Malta,2010,2581094.08,449000000000
Malta,2011,2567855.22,490000000000
Malta,2012,2748877.09,517000000000
Malta,2013,2443250.36,546000000000
Malta,2014,2473214.27,575000000000
Malta,2015,1787167.37,606000000000
Malta,2016,1467465.55,634000000000
Malta,2017,1666480.94,663000000000
Malta,2018,1697247.3,693000000000
Malta,2019,1910486.76,723000000000
Malta,2020,1861426.45,750000000000
Malta,2021,1866548.41,778000000000
Mexico,1990,317897631,13500000000
Mexico,1991,331044770,32500000000
Mexico,1992,333686617,51200000000
Mexico,1993,338927063,70400000000
Mexico,1994,352332618,90000000000
Mexico,1995,332250002,110000000000
Mexico,1996,346314514,130000000000
Mexico,1997,369071611,151000000000
Mexico,1998,388602064,172000000000
Mexico,1999,390507495,192000000000
Mexico,2000,395607579,203000000000
Mexico,2001,409908207,234000000000
Mexico,2002,411194806,256000000000
Mexico,2003,436948302,278000000000
Mexico,2004,437838496,302000000000
Mexico,2005,462523228,326000000000
Mexico,2006,474771827,351000000000
Mexico,2007,477916106,377000000000
Mexico,2008,491156563,404000000000
Mexico,2009,474343757,431000000000
Mexico,2010,462382969,458000000000
Mexico,2011,482792091,469000000000
Mexico,2012,494867145,498000000000
Mexico,2013,488590220,526000000000
Mexico,2014,479454947,555000000000
Mexico,2015,479955633,584000000000
Mexico,2016,480378065,613000000000
Mexico,2017,457138276,642000000000
Mexico,2018,452194150,671000000000
Mexico,2019,432106019,701000000000
Mexico,2020,353810560,730000000000
Mexico,2021,357077976,758000000000
Netherlands,1990,161656202,13900000000
Netherlands,1991,170286963,33000000000
Netherlands,1992,170220361,51700000000
Netherlands,1993,170455389,70900000000
Netherlands,1994,170940296,90600000000
Netherlands,1995,172201851,110000000000
Netherlands,1996,181071008,131000000000
Netherlands,1997,173994386,151000000000
Netherlands,1998,175034618,172000000000
Netherlands,1999,169685178,193000000000
Netherlands,2000,171077663,203000000000
Netherlands,2001,176519368,236000000000
Netherlands,2002,175991594,258000000000
Netherlands,2003,179278473,280000000000
Netherlands,2004,180836268,304000000000
Netherlands,2005,176411247,328000000000
Netherlands,2006,171114278,353000000000
Netherlands,2007,170579922,379000000000
Netherlands,2008,173568971,406000000000
Netherlands,2009,168559834,432000000000
Netherlands,2010,180802795,460000000000
Netherlands,2011,167817713,468000000000
Netherlands,2012,164338697,497000000000
Netherlands,2013,164302580,525000000000
Netherlands,2014,157406394,554000000000
Netherlands,2015,164213723,583000000000
Netherlands,2016,165401281,612000000000
Netherlands,2017,163660467,641000000000
Netherlands,2018,160623869,670000000000
Netherlands,2019,155825741,700000000000
Netherlands,2020,140571397,729000000000
Netherlands,2021,141312122,758000000000
NewZealand,1990,25588259.6,15500000000
NewZealand,1991,26706682.9,34600000000
NewZealand,1992,28505082.8,53200000000
NewZealand,1993,27923170.8,72500000000
NewZealand,1994,28002135.6,91800000000
NewZealand,1995,28137034.7,111000000000
NewZealand,1996,29493083.3,130000000000
NewZealand,1997,31567785.9,151000000000
NewZealand,1998,30176010.5,171000000000
NewZealand,1999,31677863.7,192000000000
NewZealand,2000,32328514,203000000000
NewZealand,2001,34247886.3,233000000000
NewZealand,2002,34530891.3,255000000000
NewZealand,2003,36347209.5,278000000000
NewZealand,2004,36015524.3,302000000000
NewZealand,2005,37540287,326000000000
NewZealand,2006,37531847.9,351000000000
NewZealand,2007,36577231.6,377000000000
NewZealand,2008,37551494.8,403000000000
NewZealand,2009,34715185.2,430000000000
NewZealand,2010,34876090.3,457000000000
NewZealand,2011,34226265.9,469000000000
NewZealand,2012,35649772.8,497000000000
NewZealand,2013,34707643.5,526000000000
NewZealand,2014,35134454.2,555000000000
NewZealand,2015,36031183.7,584000000000
NewZealand,2016,34708432.8,613000000000
NewZealand,2017,36705533.2,641000000000
NewZealand,2018,36977379.2,671000000000
NewZealand,2019,39032020.8,701000000000
NewZealand,2020,35335385.7,730000000000
NewZealand,2021,35482552.9,758000000000
Norway,1990,35049996.6,13800000000
Norway,1991,33479251.3,32800000000
Norway,1992,34417526.7,51600000000
Norway,1993,35967928,70800000000
Norway,1994,37870327.8,90400000000
Norway,1995,38453124.3,110000000000
Norway,1996,41481617.3,131000000000
Norway,1997,41613320.1,151000000000
Norway,1998,41734119.3,172000000000
Norway,1999,42530768.2,193000000000
Norway,2000,42092326,204000000000
Norway,2001,43446540.7,234000000000
Norway,2002,42549286.7,256000000000
Norway,2003,43961440.3,279000000000
Norway,2004,44296178.4,302000000000
Norway,2005,43297050.3,327000000000
Norway,2006,43856061.7,352000000000
Norway,2007,45614753.2,379000000000
Norway,2008,44810648.6,406000000000
Norway,2009,43284744.8,432000000000
Norway,2010,45728565.9,459000000000
Norway,2011,44860102.2,468000000000
Norway,2012,44385026.8,497000000000
Norway,2013,44645292.3,525000000000
Norway,2014,45035589.2,554000000000
Norway,2015,45528818.1,583000000000
Norway,2016,44673755.1,612000000000
Norway,2017,44209795.8,641000000000
Norway,2018,44252018.4,670000000000
Norway,2019,42618242.8,700000000000
Norway,2020,40964927.1,729000000000
Norway,2021,41184606,758000000000
Poland,1990,377505695,15500000000
Poland,1991,374078722,34600000000
Poland,1992,364510698,53200000000
Poland,1993,364675063,72400000000
Poland,1994,359219964,91800000000
Poland,1995,361139663,112000000000
Poland,1996,375399907,130000000000
Poland,1997,365097571,151000000000
Poland,1998,336876518,171000000000
Poland,1999,326990942,192000000000
Poland,2000,315234420,203000000000
Poland,2001,311529839,233000000000
Poland,2002,304541859,255000000000
Poland,2003,317547126,278000000000
Poland,2004,322560399,302000000000
Poland,2005,321634783,326000000000
Poland,2006,335335807,351000000000
Poland,2007,334621710,377000000000
Poland,2008,328378780,403000000000
Poland,2009,315200190,430000000000
Poland,2010,336520516,457000000000
Poland,2011,336391250,469000000000
Poland,2012,329323653,497000000000
Poland,2013,325525815,526000000000
Poland,2014,313480301,555000000000
Poland,2015,316884197,584000000000
Poland,2016,328077717,613000000000
Poland,2017,341857135,642000000000
Poland,2018,341360459,671000000000
Poland,2019,323726782,701000000000
Poland,2020,303610648,730000000000
Poland,2021,302091184,758000000000
Portugal,1990,45736387.9,13700000000
Portugal,1991,47362210.2,32800000000
Portugal,1992,50987796.5,51500000000
Portugal,1993,49338126.6,70700000000
Portugal,1994,50008631.8,90300000000
Portugal,1995,54191271,110000000000
Portugal,1996,51479047.5,131000000000
Portugal,1997,54358527.5,151000000000
Portugal,1998,58955097.6,172000000000
Portugal,1999,66667195.3,193000000000
Portugal,2000,65651773.1,204000000000
Portugal,2001,65398314.4,234000000000
Portugal,2002,69974634.8,256000000000
Portugal,2003,64835470,279000000000
Portugal,2004,67578110.2,302000000000
Portugal,2005,69678935.5,327000000000
Portugal,2006,64800094.9,352000000000
Portugal,2007,62268950.6,378000000000
Portugal,2008,59912061.5,404000000000
Portugal,2009,57030355.3,431000000000
Portugal,2010,52901930.9,458000000000
Portugal,2011,51756749.4,470000000000
Portugal,2012,49924863.8,498000000000
Portugal,2013,48109152,525000000000
Portugal,2014,47882915.1,554000000000
Portugal,2015,52238080.9,583000000000
Portugal,2016,50457874.9,612000000000
Portugal,2017,55293899.6,641000000000
Portugal,2018,51631114.6,670000000000
Portugal,2019,47908907.7,700000000000
Portugal,2020,40785356.1,729000000000
Portugal,2021,40788508.9,757000000000
Romania,1990,168789733,6446701835
Romania,1991,137481305,25500000000
Romania,1992,126995045,43900000000
Romania,1993,118449359,62900000000
Romania,1994,117154100,81800000000
Romania,1995,122739651,116000000000
Romania,1996,126527339,116000000000
Romania,1997,116235939,157000000000
Romania,1998,104263745,157000000000
Romania,1999,88785034.5,178000000000
Romania,2000,93639066.4,216000000000
Romania,2001,98483653.4,225000000000
Romania,2002,97253513.1,246000000000
Romania,2003,101819559,262000000000
Romania,2004,101170375,285000000000
Romania,2005,99802228,309000000000
Romania,2006,102996108,333000000000
Romania,2007,100631649,358000000000
Romania,2008,97199911.9,384000000000
Romania,2009,80485064.2,411000000000
Romania,2010,77086496.6,437000000000
Romania,2011,85247556.5,491000000000
Romania,2012,83188569.2,520000000000
Romania,2013,74214945.7,549000000000
Romania,2014,75143712.1,578000000000
Romania,2015,75967048.9,607000000000
Romania,2016,73815602,635000000000
Romania,2017,76963343.4,665000000000
Romania,2018,77520178.6,695000000000
Romania,2019,74889890.8,724000000000
Romania,2020,71593066.8,752000000000
Romania,2021,71052823.3,779000000000
RussianFederation,1990,2533013367,3052695785
RussianFederation,1991,2402659193,21900000000
RussianFederation,1992,1961446286,40500000000
RussianFederation,1993,1860747277,59300000000
RussianFederation,1994,1642263067,78400000000
RussianFederation,1995,1614755357,97900000000
RussianFederation,1996,1581862688,118000000000
RussianFederation,1997,1477211286,138000000000
RussianFederation,1998,1461437555,159000000000
RussianFederation,1999,1489323989,179000000000
RussianFederation,2000,1473188654,218000000000
RussianFederation,2001,1509213410,221000000000
RussianFederation,2002,1496628710,242000000000
RussianFederation,2003,1525132841,264000000000
RussianFederation,2004,1527938202,287000000000
RussianFederation,2005,1541585979,317000000000
RussianFederation,2006,1596280016,342000000000
RussianFederation,2007,1591654997,368000000000
RussianFederation,2008,1622155229,395000000000
RussianFederation,2009,1513837948,422000000000
RussianFederation,2010,1600866130,449000000000
RussianFederation,2011,1656607307,490000000000
RussianFederation,2012,1670861439,519000000000
RussianFederation,2013,1610236147,547000000000
RussianFederation,2014,1613108855,577000000000
RussianFederation,2015,1639007224,605000000000
RussianFederation,2016,1634187757,634000000000
RussianFederation,2017,1661303977,663000000000
RussianFederation,2018,1704375011,693000000000
RussianFederation,2019,1689723693,723000000000
RussianFederation,2020,1582813441,751000000000
SaudiArabia,1990,208497013,6242126953
SaudiArabia,1991,288545517,25300000000
SaudiArabia,1992,316174608,43700000000
SaudiArabia,1993,340642381,62800000000
SaudiArabia,1994,328139090,82100000000
SaudiArabia,1995,262421142,102000000000
SaudiArabia,1996,258274773,122000000000
SaudiArabia,1997,215807455,142000000000
SaudiArabia,1998,207240069,163000000000
SaudiArabia,1999,225985545,183000000000
SaudiArabia,2000,296363757,216000000000
SaudiArabia,2001,296588156,225000000000
SaudiArabia,2002,325698034,246000000000
SaudiArabia,2003,326517042,269000000000
SaudiArabia,2004,394584968,292000000000
SaudiArabia,2005,395854667,318000000000
SaudiArabia,2006,431292053,342000000000
SaudiArabia,2007,386506977,368000000000
SaudiArabia,2008,432336300,395000000000
SaudiArabia,2009,465844300,411000000000
SaudiArabia,2010,517509108,437000000000
SaudiArabia,2011,495997166,491000000000
SaudiArabia,2012,558194605,520000000000
SaudiArabia,2013,532905216,549000000000
SaudiArabia,2014,597839827,578000000000
SaudiArabia,2015,660928599,607000000000
SaudiArabia,2016,626137525,636000000000
SaudiArabia,2017,629941464,665000000000
SaudiArabia,2018,616617705,694000000000
SaudiArabia,2019,621498039,724000000000
SaudiArabia,2020,629093130,752000000000
SaudiArabia,2021,612876058,779000000000
Singapore,1990,39531695.6,39531695.6
Singapore,1991,39864324,38100000000
Singapore,1992,42253666,57100000000
Singapore,1993,43633921.4,76300000000
Singapore,1994,52058158.5,95700000000
Singapore,1995,34652992.3,96300000000
Singapore,1996,40489923.9,116000000000
Singapore,1997,47229718.5,137000000000
Singapore,1998,39052789,158000000000
Singapore,1999,40179842.6,178000000000
Singapore,2000,39319068.9,217000000000
Singapore,2001,40134712.8,218000000000
Singapore,2002,38815319.5,240000000000
Singapore,2003,40311124.7,262000000000
Singapore,2004,38289139.2,285000000000
Singapore,2005,29646701.1,309000000000
Singapore,2006,34475156.3,333000000000
Singapore,2007,37186303.3,358000000000
Singapore,2008,43912317.4,384000000000
Singapore,2009,67735083.3,411000000000
Singapore,2010,41618969,437000000000
Singapore,2011,21792579.6,491000000000
Singapore,2012,34235646,520000000000
Singapore,2013,38326980.3,549000000000
Singapore,2014,38674424.1,575000000000
Singapore,2015,43359996.4,604000000000
Singapore,2016,28021429.9,633000000000
Singapore,2017,27141746.2,662000000000
Singapore,2018,31913685,692000000000
Singapore,2019,31703722.6,721000000000
Singapore,2020,31455823.9,750000000000
Singapore,2021,31009616.1,778000000000
Slovakia,1990,61583739.9,15100000000
Slovakia,1991,53022767.3,34200000000
Slovakia,1992,48669095.5,52800000000
Slovakia,1993,46137130.4,72100000000
Slovakia,1994,43605344.3,91500000000
Slovakia,1995,44077180.2,111000000000
Slovakia,1996,43951872.7,132000000000
Slovakia,1997,44106191.6,153000000000
Slovakia,1998,43896169.9,173000000000
Slovakia,1999,43042281.2,194000000000
Slovakia,2000,41163388.9,203000000000
Slovakia,2001,43083434.2,236000000000
Slovakia,2002,41809135.4,258000000000
Slovakia,2003,42143077.7,280000000000
Slovakia,2004,42654021.4,304000000000
Slovakia,2005,42700039.3,329000000000
Slovakia,2006,42498264.8,353000000000
Slovakia,2007,40969271.6,379000000000
Slovakia,2008,41431243.1,406000000000
Slovakia,2009,37754894.9,430000000000
Slovakia,2010,38601686.8,457000000000
Slovakia,2011,37925361.8,468000000000
Slovakia,2012,35872707,497000000000
Slovakia,2013,35452626.7,526000000000
Slovakia,2014,33528271.4,554000000000
Slovakia,2015,34335829.5,583000000000
Slovakia,2016,34784125.8,612000000000
Slovakia,2017,35973266.1,641000000000
Slovakia,2018,35988244.2,670000000000
Slovakia,2019,33755762.3,700000000000
Slovakia,2020,30725812.7,729000000000
Slovakia,2021,30631048.7,758000000000
Slovenia,1990,15020492.6,3067716278
Slovenia,1991,13920361.9,21900000000
Slovenia,1992,13806728.9,40500000000
Slovenia,1993,14163028,59400000000
Slovenia,1994,14580557.5,78400000000
Slovenia,1995,15314560.1,97900000000
Slovenia,1996,16008034.9,118000000000
Slovenia,1997,16501458.7,138000000000
Slovenia,1998,15996716.2,159000000000
Slovenia,1999,15389217.5,179000000000
Slovenia,2000,15062436.3,218000000000
Slovenia,2001,16325786.4,221000000000
Slovenia,2002,16617467.8,242000000000
Slovenia,2003,16322442.2,264000000000
Slovenia,2004,16736839.8,287000000000
Slovenia,2005,16956811.5,309000000000
Slovenia,2006,17202625.6,333000000000
Slovenia,2007,17377916.6,358000000000
Slovenia,2008,18246084.1,384000000000
Slovenia,2009,16244655.3,411000000000
Slovenia,2010,16479438.7,437000000000
Slovenia,2011,16343226.8,491000000000
Slovenia,2012,15724862.6,520000000000
Slovenia,2013,15077140.7,549000000000
Slovenia,2014,13502088.6,578000000000
Slovenia,2015,13569379.6,607000000000
Slovenia,2016,14355969.6,636000000000
Slovenia,2017,14519987.4,665000000000
Slovenia,2018,14439183.5,695000000000
Slovenia,2019,14077699.8,724000000000
Slovenia,2020,12691038.9,753000000000
Slovenia,2021,12732620.7,779000000000
SouthAfrica,1990,339141806,3406858083
SouthAfrica,1991,353663077,22200000000
SouthAfrica,1992,325432673,38500000000
SouthAfrica,1993,343767135,57400000000
SouthAfrica,1994,361197008,76600000000
SouthAfrica,1995,383898568,96100000000
SouthAfrica,1996,384512942,116000000000
SouthAfrica,1997,406061469,136000000000
SouthAfrica,1998,396056258,157000000000
SouthAfrica,1999,391959423,177000000000
SouthAfrica,2000,393779198,218000000000
SouthAfrica,2001,385037035,221000000000
SouthAfrica,2002,357741506,242000000000
SouthAfrica,2003,404665236,262000000000
SouthAfrica,2004,448935625,284000000000
SouthAfrica,2005,415312891,308000000000
SouthAfrica,2006,445502964,333000000000
SouthAfrica,2007,463419689,358000000000
SouthAfrica,2008,493138067,384000000000
SouthAfrica,2009,500869866,410000000000
SouthAfrica,2010,465822676,436000000000
SouthAfrica,2011,472902213,491000000000
SouthAfrica,2012,459974602,520000000000
SouthAfrica,2013,454484083,549000000000
SouthAfrica,2014,479088053,578000000000
SouthAfrica,2015,449085802,607000000000
SouthAfrica,2016,463218719,636000000000
SouthAfrica,2017,462816765,665000000000
SouthAfrica,2018,463234641,695000000000
SouthAfrica,2019,475716060,725000000000
SouthAfrica,2020,452294304,753000000000
SouthAfrica,2021,456957825,780000000000
SouthKorea,1990,250182345,15000000000
SouthKorea,1991,275164288,34100000000
SouthKorea,1992,299346895,52300000000
SouthKorea,1993,329225797,71500000000
SouthKorea,1994,354418987,90900000000
SouthKorea,1995,382005671,111000000000
SouthKorea,1996,419011247,131000000000
SouthKorea,1997,442851495,152000000000
SouthKorea,1998,375731523,173000000000
SouthKorea,1999,407496579,193000000000
SouthKorea,2000,437079945,202000000000
SouthKorea,2001,453031441,238000000000
SouthKorea,2002,473264890,257000000000
SouthKorea,2003,482243578,279000000000
SouthKorea,2004,488077996,304000000000
SouthKorea,2005,494266139,328000000000
SouthKorea,2006,499942081,352000000000
SouthKorea,2007,519161408,378000000000
SouthKorea,2008,532637808,405000000000
SouthKorea,2009,538796999,432000000000
SouthKorea,2010,595691790,459000000000
SouthKorea,2011,626438007,468000000000
SouthKorea,2012,630684912,496000000000
SouthKorea,2013,636841889,525000000000
SouthKorea,2014,632323505,554000000000
SouthKorea,2015,637611491,583000000000
SouthKorea,2016,642196959,612000000000
SouthKorea,2017,659154349,641000000000
SouthKorea,2018,677055962,670000000000
SouthKorea,2019,654849710,700000000000
SouthKorea,2020,604214808,729000000000
SouthKorea,2021,603149861,757000000000
Spain,1990,229179060,13700000000
Spain,1991,238740813,32700000000
Spain,1992,248164729,51500000000
Spain,1993,240125138,70700000000
Spain,1994,252967005,90300000000
Spain,1995,266997669,110000000000
Spain,1996,254725368,131000000000
Spain,1997,267518163,151000000000
Spain,1998,276150679,172000000000
Spain,1999,298912386,192000000000
Spain,2000,309322417,204000000000
Spain,2001,309147483,234000000000
Spain,2002,329501177,256000000000
Spain,2003,334527976,279000000000
Spain,2004,350933940,302000000000
Spain,2005,366687259,327000000000
Spain,2006,357734599,352000000000
Spain,2007,366979692,378000000000
Spain,2008,336141449,404000000000
Spain,2009,296006081,431000000000
Spain,2010,281643552,458000000000
Spain,2011,282625165,470000000000
Spain,2012,277205481,498000000000
Spain,2013,250909601,527000000000
Spain,2014,253307744,555000000000
Spain,2015,270170301,585000000000
Spain,2016,259727664,614000000000
Spain,2017,273967521,642000000000
Spain,2018,269921094,671000000000
Spain,2019,253481902,700000000000
Spain,2020,211600041,729000000000
Spain,2021,211492176,757000000000
Sweden,1990,57321038.1,7236481870
Sweden,1991,57700933.3,26300000000
Sweden,1992,57371608.4,44800000000
Sweden,1993,57350582.3,69300000000
Sweden,1994,59880506,88900000000
Sweden,1995,59350685.2,109000000000
Sweden,1996,63219913.3,129000000000
Sweden,1997,58101487.5,144000000000
Sweden,1998,58590347.7,165000000000
Sweden,1999,55761581.7,185000000000
Sweden,2000,54651108.7,210000000000
Sweden,2001,55626157.1,232000000000
Sweden,2002,56633968.7,254000000000
Sweden,2003,57231817.9,277000000000
Sweden,2004,56519299.2,294000000000
Sweden,2005,53830412,319000000000
Sweden,2006,53610151.3,344000000000
Sweden,2007,52884376.5,369000000000
Sweden,2008,50794303.4,402000000000
Sweden,2009,47178250.2,430000000000
Sweden,2010,53058298.7,457000000000
Sweden,2011,49166275,470000000000
Sweden,2012,46659043.6,499000000000
Sweden,2013,45123080.2,528000000000
Sweden,2014,43353668.7,556000000000
Sweden,2015,43755457.7,591000000000
Sweden,2016,43645002.1,620000000000
Sweden,2017,43250776.5,649000000000
Sweden,2018,42954803,678000000000
Sweden,2019,41926058.2,702000000000
Sweden,2020,39607163.3,731000000000
Sweden,2021,39845752.5,759000000000
Switzerland,1990,44547050.6,13100000000
Switzerland,1991,46689391.5,32200000000
Switzerland,1992,46567293.5,50800000000
Switzerland,1993,44041001.2,70000000000
Switzerland,1994,43016423.3,89600000000
Switzerland,1995,43692990.5,109000000000
Switzerland,1996,44310595.8,122000000000
Switzerland,1997,43161394.9,142000000000
Switzerland,1998,44729398.5,163000000000
Switzerland,1999,44626831.3,183000000000
Switzerland,2000,43864813.3,211000000000
Switzerland,2001,45380543.4,233000000000
Switzerland,2002,43855056.9,254000000000
Switzerland,2003,45085883,277000000000
Switzerland,2004,45643375.5,301000000000
Switzerland,2005,46099991.5,326000000000
Switzerland,2006,45531541.6,351000000000
Switzerland,2007,43449433.4,368000000000
Switzerland,2008,44859794.6,395000000000
Switzerland,2009,43703436.9,422000000000
Switzerland,2010,45143062.1,449000000000
Switzerland,2011,41013411.3,477000000000
Switzerland,2012,42195761.3,505000000000
Switzerland,2013,43081677.8,534000000000
Switzerland,2014,39148224.5,562000000000
Switzerland,2015,38663885.3,591000000000
Switzerland,2016,39161711.6,620000000000
Switzerland,2017,38164573.3,649000000000
Switzerland,2018,36818804.2,678000000000
Switzerland,2019,36673110.8,708000000000
Switzerland,2020,32236898.8,736000000000
Switzerland,2021,32484597.1,765000000000
Turkey,1990,154875296,14100000000
Turkey,1991,161480411,33100000000
Turkey,1992,167559583,44900000000
Turkey,1993,174812121,64000000000
Turkey,1994,171135196,83200000000
Turkey,1995,184829795,103000000000
Turkey,1996,203711286,123000000000
Turkey,1997,216252667,144000000000
Turkey,1998,215962095,164000000000
Turkey,1999,211395980,185000000000
Turkey,2000,233527981,204000000000
Turkey,2001,216725651,235000000000
Turkey,2002,223885173,256000000000
Turkey,2003,239007094,279000000000
Turkey,2004,246608488,303000000000
Turkey,2005,266270375,327000000000
Turkey,2006,283854829,343000000000
Turkey,2007,315326723,370000000000
Turkey,2008,312102093,397000000000
Turkey,2009,318533545,424000000000
Turkey,2010,317923275,451000000000
Turkey,2011,343089565,470000000000
Turkey,2012,356152422,498000000000
Turkey,2013,346230780,527000000000
Turkey,2014,361453697,556000000000
Turkey,2015,379822095,585000000000
Turkey,2016,398475732,614000000000
Turkey,2017,421114827,643000000000
Turkey,2018,414684864,672000000000
Turkey,2019,395275483,701000000000
Turkey,2020,388349251,731000000000
Turkey,2021,391901101,759000000000
UnitedKingdom,1990,601427252,12900000000
UnitedKingdom,1991,610001018,31900000000
UnitedKingdom,1992,594313146,50700000000
UnitedKingdom,1993,579756412,69900000000
UnitedKingdom,1994,575623352,89500000000
UnitedKingdom,1995,567471126,109000000000
UnitedKingdom,1996,588701937,130000000000
UnitedKingdom,1997,562400093,150000000000
UnitedKingdom,1998,567260267,171000000000
UnitedKingdom,1999,560808273,191000000000
UnitedKingdom,2000,567226243,211000000000
UnitedKingdom,2001,576203626,233000000000
UnitedKingdom,2002,560437793,255000000000
UnitedKingdom,2003,572193707,277000000000
UnitedKingdom,2004,573646335,301000000000
UnitedKingdom,2005,571146894,325000000000
UnitedKingdom,2006,567625194,350000000000
UnitedKingdom,2007,557998021,377000000000
UnitedKingdom,2008,541682739,403000000000
UnitedKingdom,2009,489428838,423000000000
UnitedKingdom,2010,505985157,450000000000
UnitedKingdom,2011,464051155,476000000000
UnitedKingdom,2012,481319015,505000000000
UnitedKingdom,2013,470934837,533000000000
UnitedKingdom,2014,433002214,562000000000
UnitedKingdom,2015,417529871,591000000000
UnitedKingdom,2016,395422869,620000000000
UnitedKingdom,2017,383573632,649000000000
UnitedKingdom,2018,377873338,678000000000
UnitedKingdom,2019,365002324,708000000000
UnitedKingdom,2020,325671799,736000000000
UnitedKingdom,2021,326980001,765000000000
UnitedStates,1990,5062800995,12300000000
UnitedStates,1991,5026963486,31300000000
UnitedStates,1992,5157901730,50100000000
UnitedStates,1993,5275186491,69300000000
UnitedStates,1994,5376901059,88600000000
UnitedStates,1995,5444292443,108000000000
UnitedStates,1996,5632729969,129000000000
UnitedStates,1997,5705997039,150000000000
UnitedStates,1998,5745186964,170000000000
UnitedStates,1999,5814922071,191000000000
UnitedStates,2000,6020141525,210000000000
UnitedStates,2001,5912370631,232000000000
UnitedStates,2002,5953930320,254000000000
UnitedStates,2003,6017902348,276000000000
UnitedStates,2004,6123431124,300000000000
UnitedStates,2005,6145399347,325000000000
UnitedStates,2006,6064288077,350000000000
UnitedStates,2007,6143705954,376000000000
UnitedStates,2008,5925925091,402000000000
UnitedStates,2009,5486507506,429000000000
UnitedStates,2010,5681584450,456000000000
UnitedStates,2011,5540163436,476000000000
UnitedStates,2012,5335872535,504000000000
UnitedStates,2013,5468364009,533000000000
UnitedStates,2014,5517831892,562000000000
UnitedStates,2015,5369438333,591000000000
UnitedStates,2016,5248929829,619000000000
UnitedStates,2017,5208349987,648000000000
UnitedStates,2018,5371249549,677000000000
UnitedStates,2019,5244077374,707000000000
UnitedStates,2020,4719867164,736000000000
UnitedStates,2021,4725457874,764000000000